{
  "designerVersion" : "1.5.51",
  "id" : "customCancelButton",
  "name" : "cancelButton",
  "lastUpdate" : 1526654901126,
  "template" : "<!-- The custom widget template is defined here\n   - You can use standard HTML tags and AngularJS built-in directives, scope and interpolation system\n   - Custom widget properties defined on the right can be used as variables in a templates with properties.newProperty\n   - Functions exposed in the controller can be used with ctrl.newFunction()\n   - You can use the 'environment' property injected in the scope when inside the Editor whiteboard. It allows to define a mockup\n     of the Custom Widget to be displayed in the whiteboard only. By default the widget is represented by an auto-generated icon\n     and its name (See the <span> below).\n-->\n \n<div class=\"pull-right\"><button class=\"btn btn-danger\" ng-click=\"ctrl.cancelOnClick()\">Cancel</button></div>",
  "controller" : "/**\n * The controller is a JavaScript function that augments the AngularJS scope and exposes functions that can be used in the custom widget template\n * \n * Custom widget properties defined on the right can be used as variables in a controller with $scope.properties\n * To use AngularJS standard services, you must declare them in the main function arguments.\n * \n * You can leave the controller empty if you do not need it.\n */\nfunction($scope, $window){\n     this.cancelOnClick = function () {\n        $window.top.location.href = '/' + $scope.properties.bonitaWebAppName;\n     };\n}",
  "custom" : true,
  "properties" : [ {
    "label" : "Value",
    "name" : "value",
    "type" : "text",
    "defaultValue" : "This is the initial value",
    "bond" : "expression"
  }, {
    "label" : "Color",
    "name" : "color",
    "type" : "choice",
    "defaultValue" : "RebeccaPurple",
    "choiceValues" : [ "RebeccaPurple", "Chartreuse", "Tomato", "DeepSkyBlue" ],
    "bond" : "expression"
  }, {
    "label" : "Background color on click",
    "name" : "background",
    "type" : "choice",
    "defaultValue" : "Yellow",
    "choiceValues" : [ "Yellow", "LightGray" ],
    "bond" : "expression"
  }, {
    "label" : "bonitaWebAppName",
    "name" : "bonitaWebAppName",
    "type" : "text",
    "defaultValue" : "/bonita",
    "bond" : "expression"
  } ],
  "assets" : [ ],
  "requiredModules" : [ ],
  "type" : "widget",
  "hasHelp" : false
}