{
  "designerVersion" : "1.7.59",
  "id" : "ICRecommendationDashBoard",
  "name" : "ICRecommendationDashBoard",
  "lastUpdate" : 1532445224158,
  "rows" : [ [ {
    "type" : "container",
    "dimension" : {
      "xs" : 12,
      "sm" : 12,
      "md" : 12,
      "lg" : 12
    },
    "propertyValues" : {
      "cssClasses" : {
        "type" : "constant",
        "value" : ""
      },
      "hidden" : {
        "type" : "constant",
        "value" : false
      },
      "repeatedCollection" : {
        "type" : "variable",
        "value" : ""
      }
    },
    "reference" : "817a08db-8f86-43d7-ab89-0f7cc9bb2e56",
    "id" : "pbContainer",
    "rows" : [ [ {
      "type" : "component",
      "dimension" : {
        "xs" : 12,
        "sm" : 12,
        "md" : 12,
        "lg" : 12
      },
      "propertyValues" : {
        "cssClasses" : {
          "type" : "constant",
          "value" : ""
        },
        "hidden" : {
          "type" : "constant",
          "value" : false
        },
        "text" : {
          "type" : "interpolation",
          "value" : "IC recommendation Tasks"
        },
        "level" : {
          "type" : "constant",
          "value" : "Level 3"
        },
        "alignment" : {
          "type" : "constant",
          "value" : "center"
        }
      },
      "reference" : "83774bbe-6aaa-4ea9-afe0-bf9a1e374482",
      "id" : "pbTitle"
    } ], [ {
      "type" : "component",
      "dimension" : {
        "xs" : 12,
        "sm" : 12,
        "md" : 12,
        "lg" : 12
      },
      "propertyValues" : {
        "cssClasses" : {
          "type" : "constant",
          "value" : ""
        },
        "hidden" : {
          "type" : "constant",
          "value" : false
        },
        "allowHTML" : {
          "type" : "constant",
          "value" : true
        },
        "text" : {
          "type" : "interpolation",
          "value" : "<hr class=\"hrStyle\">"
        },
        "alignment" : {
          "type" : "constant",
          "value" : "left"
        }
      },
      "reference" : "3dc8f4de-9bf6-457b-89fe-ec30f84c3725",
      "id" : "pbText"
    } ] ]
  } ], [ {
    "type" : "container",
    "dimension" : {
      "xs" : 12,
      "sm" : 12,
      "md" : 12,
      "lg" : 12
    },
    "propertyValues" : {
      "cssClasses" : {
        "type" : "constant",
        "value" : ""
      },
      "hidden" : {
        "type" : "constant",
        "value" : false
      },
      "repeatedCollection" : {
        "type" : "variable",
        "value" : ""
      }
    },
    "reference" : "eb7d740f-f699-46c6-925a-ddcf55cbb4ae",
    "id" : "pbContainer",
    "rows" : [ [ {
      "type" : "component",
      "dimension" : {
        "xs" : 12,
        "sm" : 12,
        "md" : 12,
        "lg" : 12
      },
      "propertyValues" : {
        "cssClasses" : {
          "type" : "constant",
          "value" : ""
        },
        "hidden" : {
          "type" : "constant",
          "value" : false
        },
        "text" : {
          "type" : "interpolation",
          "value" : "+ New Request"
        },
        "type" : {
          "type" : "constant",
          "value" : "URL"
        },
        "targetUrl" : {
          "type" : "expression",
          "value" : "newTaskUrl"
        },
        "pageToken" : {
          "type" : "constant"
        },
        "processName" : {
          "type" : "constant"
        },
        "processVersion" : {
          "type" : "constant"
        },
        "taskId" : {
          "type" : "constant"
        },
        "caseId" : {
          "type" : "constant"
        },
        "target" : {
          "type" : "constant",
          "value" : "_self"
        },
        "appToken" : {
          "type" : "constant"
        },
        "urlParams" : {
          "type" : "constant"
        },
        "alignment" : {
          "type" : "constant",
          "value" : "right"
        },
        "buttonStyle" : {
          "type" : "constant",
          "value" : "primary"
        }
      },
      "reference" : "3481e749-eab8-4143-871e-20f433ea190f",
      "id" : "pbLink"
    } ], [ {
      "type" : "container",
      "dimension" : {
        "xs" : 12,
        "sm" : 12,
        "md" : 2,
        "lg" : 4
      },
      "propertyValues" : {
        "cssClasses" : {
          "type" : "constant",
          "value" : ""
        },
        "hidden" : {
          "type" : "constant",
          "value" : false
        },
        "repeatedCollection" : {
          "type" : "variable",
          "value" : ""
        }
      },
      "reference" : "c443de74-213c-4951-bd3c-f3d5291ed638",
      "id" : "pbContainer",
      "rows" : [ [ ] ]
    }, {
      "type" : "component",
      "dimension" : {
        "xs" : 12,
        "sm" : 12,
        "md" : 7,
        "lg" : 4
      },
      "propertyValues" : {
        "cssClasses" : {
          "type" : "constant",
          "value" : ""
        },
        "hidden" : {
          "type" : "constant",
          "value" : false
        },
        "headers" : {
          "type" : "constant",
          "value" : [ "Task Name", "Process Name", "Due Date" ]
        },
        "type" : {
          "type" : "constant",
          "value" : "Variable"
        },
        "apiUrl" : {
          "type" : "expression",
          "value" : ""
        },
        "params" : {
          "type" : "constant",
          "value" : ""
        },
        "content" : {
          "type" : "expression",
          "value" : "taskData"
        },
        "columnsKey" : {
          "type" : "constant",
          "value" : [ "displayName", "rootContainerId.displayName", "dueDate" ]
        },
        "sortColumns" : {
          "type" : "constant",
          "value" : [ "displayName", "rootContainerId.displayName", "dueDate" ]
        },
        "selectedRow" : {
          "type" : "variable",
          "value" : "selectedRow"
        },
        "pageSize" : {
          "type" : "constant",
          "value" : 4
        },
        "filter" : {
          "type" : "constant"
        }
      },
      "reference" : "14c97e2a-d401-470b-9cac-f7b9d9bacdee",
      "id" : "pbDataTable"
    }, {
      "type" : "container",
      "dimension" : {
        "xs" : 12,
        "sm" : 12,
        "md" : 3,
        "lg" : 4
      },
      "propertyValues" : {
        "cssClasses" : {
          "type" : "constant",
          "value" : ""
        },
        "hidden" : {
          "type" : "constant",
          "value" : false
        },
        "repeatedCollection" : {
          "type" : "variable",
          "value" : ""
        }
      },
      "reference" : "50cccd3d-24ae-4977-9a9d-61286d977ea6",
      "id" : "pbContainer",
      "rows" : [ [ ] ]
    } ], [ {
      "type" : "container",
      "dimension" : {
        "xs" : 12,
        "sm" : 12,
        "md" : 7,
        "lg" : 6
      },
      "propertyValues" : {
        "cssClasses" : {
          "type" : "constant",
          "value" : ""
        },
        "hidden" : {
          "type" : "constant",
          "value" : false
        },
        "repeatedCollection" : {
          "type" : "variable",
          "value" : ""
        }
      },
      "reference" : "466e8388-e896-4106-9d4d-d6e02be3f7cc",
      "id" : "pbContainer",
      "rows" : [ [ ] ]
    }, {
      "type" : "component",
      "dimension" : {
        "xs" : 12,
        "sm" : 12,
        "md" : 4,
        "lg" : 6
      },
      "propertyValues" : {
        "cssClasses" : {
          "type" : "constant",
          "value" : ""
        },
        "hidden" : {
          "type" : "expression",
          "value" : "!selectedRow"
        },
        "text" : {
          "type" : "interpolation",
          "value" : "Take"
        },
        "type" : {
          "type" : "constant",
          "value" : "URL"
        },
        "targetUrl" : {
          "type" : "expression",
          "value" : "taskURL"
        },
        "pageToken" : {
          "type" : "constant"
        },
        "processName" : {
          "type" : "constant"
        },
        "processVersion" : {
          "type" : "constant"
        },
        "taskId" : {
          "type" : "constant"
        },
        "caseId" : {
          "type" : "constant"
        },
        "target" : {
          "type" : "constant",
          "value" : "_self"
        },
        "appToken" : {
          "type" : "constant"
        },
        "urlParams" : {
          "type" : "constant"
        },
        "alignment" : {
          "type" : "constant",
          "value" : "left"
        },
        "buttonStyle" : {
          "type" : "constant",
          "value" : "success"
        }
      },
      "reference" : "79aa51a7-bc72-4c9c-9101-2f79acf98915",
      "id" : "pbLink"
    } ] ]
  } ] ],
  "assets" : [ {
    "id" : "dcc7c14d-d6c3-4a81-9841-dd1c870824ac",
    "name" : "style.css",
    "type" : "css",
    "order" : 0,
    "external" : false
  }, {
    "id" : "dd851020-efd8-497b-9ecd-bf3420fbc658",
    "name" : "localization.json",
    "type" : "json",
    "order" : 0,
    "external" : false
  } ],
  "inactiveAssets" : [ ],
  "data" : {
    "processDetails" : {
      "type" : "url",
      "value" : "../API/bpm/process?c=1&p=0&f=name=IC recommendation&o=deploymentDate",
      "exposed" : false
    },
    "selectedRow" : {
      "type" : "constant",
      "exposed" : false
    },
    "taskURL" : {
      "type" : "expression",
      "value" : "if($data.processDetails&&$data.processDetails.length&&$data.selectedRow){\r\n var process=$data.processDetails[0];\r\n var task=$data.selectedRow;\r\n return \"/bonita/portal/resource/taskInstance/\"+encodeURI(process.name)+\"/\"+encodeURI(process.version)+\"/\"+encodeURI(task.name)+\"/content/?id=\"+task.id+\"&senderUrl=\"+window.top.location.href;\r\n}else if($data.processDetails&&$data.processDetails.length&&($data.selectedRow == \"\" || $data.selectedRow == null) ){\r\n  var process=$data.processDetails[0];\r\n  var task=$data.taskData[0];\r\n  return \"/bonita/portal/resource/taskInstance/\"+encodeURI(process.name)+\"/\"+encodeURI(process.version)+\"/\"+encodeURI(task.name)+\"/content/?id=\"+task.id+\"&senderUrl=\"+window.top.location.href;\r\n}",
      "exposed" : false
    },
    "user" : {
      "type" : "url",
      "value" : "../API/system/session/unusedId",
      "exposed" : false
    },
    "taskData" : {
      "type" : "url",
      "value" : "../API/bpm/humanTask?c=50&d=rootContainerId&f=state%3Dready&f=user_id={{user.user_id}}&o=displayName+ASC&p=0",
      "exposed" : false
    },
    "newTaskUrl" : {
      "type" : "expression",
      "value" : "if($data.processDetails&&$data.processDetails.length){\r\nvar process=$data.processDetails[0];\r\n    return \"/bonita/portal/resource/process/\"+encodeURI(process.name) +\"/\"+process.version+\"/content/?id=\"+process.id+\"&senderUrl=\"+window.top.location.href;\r\n}",
      "exposed" : false
    }
  },
  "uuid" : "95ae59d0-d9f2-497a-87ad-cc60f7c5037f",
  "type" : "page"
}