{
  "designerVersion" : "1.7.59",
  "id" : "customCheckboxWithTextArea",
  "name" : "CheckboxWithTextArea",
  "lastUpdate" : 1533124008085,
  "template" : "<div class=\"checkbox\">\n    <label>\n        <input type=\"checkbox\" name=\"{{ctrl.name}}\" ng-model=\"properties.value\" ng-required=\"properties.required\" ng-disabled=\"properties.disabled\" ng-click = \"showPopUp();\"> {{ properties.label | uiTranslate }}\n    </label>\n    <div ng-messages=\"$form[ctrl.name].$dirty && $form[ctrl.name].$error \" ng-messages-include=\"forms-generic-errors.html\" role=\"alert\"></div>\n</div>\n<div class=\"modal fade\" id=\"myModalTextArea\" role=\"dialog\">\n    <div class=\"modal-dialog\">\n      <!-- Modal content-->\n      <div class=\"modal-content\">\n        <!--<div class=\"modal-header\">\n          <button type=\"button\" class=\"close\" data-dismiss=\"modal\">&times;</button>\n          <h4 class=\"modal-title\">Task Assignment</h4>\n        </div>-->\n        <div class=\"modal-body\">\n        <div style =\"margin: 50px 20px;\">\n            <h3 style=\"color:orange\"><b>Additional Information</b></h3>\n            <h4>\n                 Please provide additional comments,<br>\n                 information, or recommendations that may be<br>\n                 relevant to the facility's decision to grant<br>\n                 appointment/affiliation or specific clinical<br>\n                 privileges/services to the applicant:\n            </h4>\n             <div class=\"form-group\">\n                  <textarea class=\"form-control rounded-0\" id=\"exampleFormControlTextarea1\" placeholder=\"Describe yourself here...\" rows=\"10\"></textarea>\n             </div>\n         </div>\n        </div>\n        <div class=\"modal-footer\">\n          <center>\n          <button type=\"button\" class=\"btn btn-primary\" data-dismiss=\"modal\">OK</button>\n          </center>\n        </div>\n      </div>\n    </div>\n </div>",
  "icon" : "<svg xmlns='http://www.w3.org/2000/svg' viewBox='0 0 50 20'><g><path fill='#fff' d='M17,18V2h16v16H17z M16,1v18h18V1H16z M19,11l4,4l8-7l-1.7-1.7l-6.5,6.2l-2.8-2.8L19,11z'/></g></svg>",
  "controller" : "function PbCheckboxCtrl($scope, $log, widgetNameFactory) {\n\n  $scope.$watch('properties.value', function(value) {\n    if (value === 'true' || value === true) {\n      $scope.properties.value = true;\n    } else {\n      $scope.properties.value = false;\n    }\n  });\n\n  this.name = widgetNameFactory.getName('pbCheckbox');\n\n  if (!$scope.properties.isBound('value')) {\n    $log.error('the pbCheckbox property named \"value\" need to be bound to a variable');\n  }\n  \n  \n    $scope.showPopUp = function() {\n       $('#myModalTextArea').modal('show');\n    };\n}\n",
  "description" : "Unique checkbox for an option. The user checks it or not",
  "custom" : true,
  "order" : 6,
  "properties" : [ {
    "label" : "Read-only",
    "name" : "disabled",
    "type" : "boolean",
    "defaultValue" : false,
    "bond" : "expression"
  }, {
    "label" : "Required",
    "name" : "required",
    "help" : "In the context of a form container, use $form.$invalid as a Boolean to check form validity in a widget property",
    "type" : "boolean",
    "defaultValue" : false,
    "bond" : "expression"
  }, {
    "label" : "Label",
    "name" : "label",
    "type" : "text",
    "defaultValue" : "Default label",
    "bond" : "interpolation"
  }, {
    "label" : "Value",
    "name" : "value",
    "caption" : "Any boolean variable: <i>myData</i> or <i>myData.attribute</i>",
    "help" : "Read-write binding, initialized or updated by users' input (bi-directional bond)",
    "type" : "text",
    "bond" : "variable"
  } ],
  "assets" : [ {
    "id" : "9e6ae107-defe-4473-b69f-f4574a15a59f",
    "name" : "https://maxcdn.bootstrapcdn.com/bootstrap/3.3.7/js/bootstrap.min.js",
    "type" : "js",
    "order" : 3,
    "external" : true
  }, {
    "id" : "e03b0c8f-a8f9-4f70-a57e-6ea4fc9414dd",
    "name" : "https://ajax.googleapis.com/ajax/libs/jquery/3.3.1/jquery.min.js",
    "type" : "js",
    "order" : 2,
    "external" : true
  }, {
    "id" : "3f3cfcc3-3c8d-4b75-847f-6aa1c3852ffe",
    "name" : "https://maxcdn.bootstrapcdn.com/bootstrap/3.3.7/css/bootstrap.min.css",
    "type" : "css",
    "order" : 1,
    "external" : true
  } ],
  "requiredModules" : [ ],
  "type" : "widget",
  "hasHelp" : false
}