{
  "designerVersion" : "1.7.59",
  "id" : "newForm",
  "name" : "newForm",
  "lastUpdate" : 1532962251920,
  "rows" : [ [ {
    "type" : "container",
    "dimension" : {
      "xs" : 12
    },
    "propertyValues" : { },
    "reference" : "95101a15-70f4-4cd1-b08b-c20f20d0700b",
    "id" : "pbContainer",
    "rows" : [ [ {
      "type" : "component",
      "dimension" : {
        "md" : 12,
        "sm" : 12,
        "xs" : 12,
        "lg" : 12
      },
      "propertyValues" : {
        "labelHidden" : {
          "type" : "constant",
          "value" : false
        },
        "readonly" : {
          "type" : "constant",
          "value" : false
        },
        "level" : {
          "type" : "constant",
          "value" : "Level 1"
        },
        "cssClasses" : {
          "type" : "constant",
          "value" : ""
        },
        "widgetId" : {
          "type" : "constant",
          "value" : "pbTitle"
        },
        "isDisplayed" : {
          "type" : "constant",
          "value" : true
        },
        "label" : {
          "type" : "interpolation"
        },
        "text" : {
          "type" : "interpolation",
          "value" : "{{ task.displayName }}"
        },
        "alignment" : {
          "type" : "constant",
          "value" : "center"
        },
        "class" : {
          "type" : "constant",
          "value" : "org.bonitasoft.web.designer.experimental.parametrizedWidget.TitleWidget"
        },
        "dimension" : {
          "type" : "constant",
          "value" : 12
        }
      },
      "reference" : "d31267f8-381b-4a7b-99d4-1e2bd05b9a75",
      "id" : "pbTitle"
    } ], [ {
      "type" : "component",
      "dimension" : {
        "md" : 12,
        "sm" : 12,
        "xs" : 12,
        "lg" : 12
      },
      "propertyValues" : {
        "labelHidden" : {
          "type" : "constant",
          "value" : false
        },
        "readonly" : {
          "type" : "constant",
          "value" : false
        },
        "cssClasses" : {
          "type" : "constant",
          "value" : ""
        },
        "widgetId" : {
          "type" : "constant",
          "value" : "pbText"
        },
        "isDisplayed" : {
          "type" : "constant",
          "value" : true
        },
        "label" : {
          "type" : "interpolation"
        },
        "text" : {
          "type" : "interpolation",
          "value" : "{{ task.displayDescription }}"
        },
        "alignment" : {
          "type" : "constant",
          "value" : "left"
        },
        "class" : {
          "type" : "constant",
          "value" : "org.bonitasoft.web.designer.experimental.parametrizedWidget.TextWidget"
        },
        "dimension" : {
          "type" : "constant",
          "value" : 12
        }
      },
      "reference" : "4d704e88-730b-4bc1-8005-7aebc8267175",
      "id" : "pbText"
    } ] ]
  } ], [ {
    "type" : "formContainer",
    "dimension" : {
      "xs" : 12
    },
    "propertyValues" : { },
    "reference" : "c6e55039-6759-47e4-ae77-ba15e2ac79bc",
    "id" : "pbFormContainer",
    "container" : {
      "type" : "container",
      "dimension" : {
        "xs" : 12
      },
      "propertyValues" : { },
      "reference" : "bfd1d01e-31ad-4977-9dd7-20b37fa37930",
      "id" : "pbContainer",
      "rows" : [ [ {
        "type" : "component",
        "dimension" : {
          "md" : 12,
          "sm" : 12,
          "xs" : 12,
          "lg" : 12
        },
        "propertyValues" : {
          "cssClasses" : {
            "type" : "constant",
            "value" : ""
          },
          "widgetId" : {
            "type" : "constant",
            "value" : "pbInput"
          },
          "isDisplayed" : {
            "type" : "constant",
            "value" : true
          },
          "labelWidth" : {
            "type" : "constant",
            "value" : 1
          },
          "label" : {
            "type" : "interpolation",
            "value" : "Known Length"
          },
          "type" : {
            "type" : "constant",
            "value" : "text"
          },
          "required" : {
            "type" : "constant",
            "value" : true
          },
          "labelHidden" : {
            "type" : "constant",
            "value" : false
          },
          "readonly" : {
            "type" : "constant",
            "value" : false
          },
          "labelPosition" : {
            "type" : "constant",
            "value" : "top"
          },
          "placeholder" : {
            "type" : "constant"
          },
          "alignment" : {
            "type" : "constant",
            "value" : "left"
          },
          "class" : {
            "type" : "constant",
            "value" : "org.bonitasoft.web.designer.experimental.parametrizedWidget.InputWidget"
          },
          "dimension" : {
            "type" : "constant",
            "value" : 12
          },
          "value" : {
            "type" : "variable",
            "value" : "formInput.knownLength"
          }
        },
        "reference" : "463bbf46-575d-4622-aa39-f4936c5622e4",
        "id" : "pbInput"
      } ], [ {
        "type" : "component",
        "dimension" : {
          "md" : 12,
          "sm" : 12,
          "xs" : 12,
          "lg" : 12
        },
        "propertyValues" : {
          "cssClasses" : {
            "type" : "constant",
            "value" : ""
          },
          "widgetId" : {
            "type" : "constant",
            "value" : "pbInput"
          },
          "isDisplayed" : {
            "type" : "constant",
            "value" : true
          },
          "labelWidth" : {
            "type" : "constant",
            "value" : 1
          },
          "label" : {
            "type" : "interpolation",
            "value" : "Frenquence"
          },
          "type" : {
            "type" : "constant",
            "value" : "text"
          },
          "required" : {
            "type" : "constant",
            "value" : true
          },
          "labelHidden" : {
            "type" : "constant",
            "value" : false
          },
          "readonly" : {
            "type" : "constant",
            "value" : false
          },
          "labelPosition" : {
            "type" : "constant",
            "value" : "top"
          },
          "placeholder" : {
            "type" : "constant"
          },
          "alignment" : {
            "type" : "constant",
            "value" : "left"
          },
          "class" : {
            "type" : "constant",
            "value" : "org.bonitasoft.web.designer.experimental.parametrizedWidget.InputWidget"
          },
          "dimension" : {
            "type" : "constant",
            "value" : 12
          },
          "value" : {
            "type" : "variable",
            "value" : "formInput.frenquence"
          }
        },
        "reference" : "d6b3ab43-a116-4a87-bc88-8cbedd6f5113",
        "id" : "pbInput"
      } ], [ {
        "type" : "component",
        "dimension" : {
          "md" : 12,
          "sm" : 12,
          "xs" : 12,
          "lg" : 12
        },
        "propertyValues" : {
          "cssClasses" : {
            "type" : "constant",
            "value" : ""
          },
          "widgetId" : {
            "type" : "constant",
            "value" : "pbInput"
          },
          "isDisplayed" : {
            "type" : "constant",
            "value" : true
          },
          "labelWidth" : {
            "type" : "constant",
            "value" : 1
          },
          "label" : {
            "type" : "interpolation",
            "value" : "Knowing Well"
          },
          "type" : {
            "type" : "constant",
            "value" : "text"
          },
          "required" : {
            "type" : "constant",
            "value" : true
          },
          "labelHidden" : {
            "type" : "constant",
            "value" : false
          },
          "readonly" : {
            "type" : "constant",
            "value" : false
          },
          "labelPosition" : {
            "type" : "constant",
            "value" : "top"
          },
          "placeholder" : {
            "type" : "constant"
          },
          "alignment" : {
            "type" : "constant",
            "value" : "left"
          },
          "class" : {
            "type" : "constant",
            "value" : "org.bonitasoft.web.designer.experimental.parametrizedWidget.InputWidget"
          },
          "dimension" : {
            "type" : "constant",
            "value" : 12
          },
          "value" : {
            "type" : "variable",
            "value" : "formInput.knowingWell"
          }
        },
        "reference" : "2e44691d-472c-42f5-9fb0-bbb378a080e1",
        "id" : "pbInput"
      } ], [ {
        "type" : "component",
        "dimension" : {
          "md" : 12,
          "sm" : 12,
          "xs" : 12,
          "lg" : 12
        },
        "propertyValues" : {
          "labelHidden" : {
            "type" : "constant",
            "value" : false
          },
          "readonly" : {
            "type" : "constant",
            "value" : false
          },
          "cssClasses" : {
            "type" : "constant",
            "value" : ""
          },
          "widgetId" : {
            "type" : "constant",
            "value" : "pbCheckbox"
          },
          "isDisplayed" : {
            "type" : "constant",
            "value" : true
          },
          "label" : {
            "type" : "interpolation",
            "value" : "Relation Ship"
          },
          "alignment" : {
            "type" : "constant",
            "value" : "left"
          },
          "class" : {
            "type" : "constant",
            "value" : "org.bonitasoft.web.designer.experimental.parametrizedWidget.CheckboxWidget"
          },
          "dimension" : {
            "type" : "constant",
            "value" : 12
          },
          "value" : {
            "type" : "variable",
            "value" : "formInput.relationShip"
          }
        },
        "reference" : "7f2cdb93-62c9-409e-8b95-b8598ab1bd37",
        "id" : "pbCheckbox"
      } ], [ {
        "type" : "component",
        "dimension" : {
          "md" : 12,
          "sm" : 12,
          "xs" : 12,
          "lg" : 12
        },
        "propertyValues" : {
          "labelHidden" : {
            "type" : "constant",
            "value" : false
          },
          "readonly" : {
            "type" : "constant",
            "value" : false
          },
          "cssClasses" : {
            "type" : "constant",
            "value" : ""
          },
          "widgetId" : {
            "type" : "constant",
            "value" : "pbCheckbox"
          },
          "isDisplayed" : {
            "type" : "constant",
            "value" : true
          },
          "label" : {
            "type" : "interpolation",
            "value" : "Is Back"
          },
          "alignment" : {
            "type" : "constant",
            "value" : "left"
          },
          "class" : {
            "type" : "constant",
            "value" : "org.bonitasoft.web.designer.experimental.parametrizedWidget.CheckboxWidget"
          },
          "dimension" : {
            "type" : "constant",
            "value" : 12
          },
          "value" : {
            "type" : "variable",
            "value" : "formInput.isBack"
          }
        },
        "reference" : "9c429d95-1b2f-4d6b-82d4-4f656fdca9eb",
        "id" : "pbCheckbox"
      } ], [ {
        "type" : "component",
        "dimension" : {
          "md" : 12,
          "sm" : 12,
          "xs" : 12,
          "lg" : 12
        },
        "propertyValues" : {
          "removeItem" : {
            "type" : "variable"
          },
          "cssClasses" : {
            "type" : "constant",
            "value" : ""
          },
          "widgetId" : {
            "type" : "constant",
            "value" : "pbButton"
          },
          "buttonStyle" : {
            "type" : "constant",
            "value" : "primary"
          },
          "isDisplayed" : {
            "type" : "constant",
            "value" : true
          },
          "label" : {
            "type" : "interpolation",
            "value" : "Submit"
          },
          "dataToSend" : {
            "type" : "expression",
            "value" : "formOutput"
          },
          "labelHidden" : {
            "type" : "constant",
            "value" : false
          },
          "readonly" : {
            "type" : "constant",
            "value" : false
          },
          "collectionPosition" : {
            "type" : "constant"
          },
          "targetUrlOnSuccess" : {
            "type" : "interpolation",
            "value" : "/bonita"
          },
          "action" : {
            "type" : "constant",
            "value" : "Submit task"
          },
          "collectionToModify" : {
            "type" : "variable"
          },
          "valueToAdd" : {
            "type" : "expression"
          },
          "disabled" : {
            "type" : "expression",
            "value" : "$form.$invalid"
          },
          "alignment" : {
            "type" : "constant",
            "value" : "center"
          },
          "class" : {
            "type" : "constant",
            "value" : "org.bonitasoft.web.designer.experimental.parametrizedWidget.ButtonWidget"
          },
          "dimension" : {
            "type" : "constant",
            "value" : 12
          }
        },
        "reference" : "4f0d6053-a587-4813-996b-82918e7d0863",
        "id" : "pbButton"
      } ] ]
    }
  } ] ],
  "assets" : [ {
    "id" : "ddeb16d3-2c42-4b08-8d7d-e838be11bfc1",
    "name" : "style.css",
    "type" : "css",
    "order" : 0,
    "external" : false
  }, {
    "id" : "473a93e5-f131-4ea3-b3f4-8f2dd0dd7ab2",
    "name" : "localization.json",
    "type" : "json",
    "order" : 0,
    "external" : false
  } ],
  "inactiveAssets" : [ ],
  "data" : {
    "task" : {
      "type" : "url",
      "value" : "../API/bpm/userTask/{{taskId}}",
      "exposed" : false
    },
    "formInput" : {
      "type" : "json",
      "value" : "{\r\n  \"knownLength\" : \"\",\r\n  \"frenquence\" : \"\",\r\n  \"knowingWell\" : \"\",\r\n  \"relationShip\" : false,\r\n  \"isBack\" : false\r\n}",
      "exposed" : false
    },
    "formOutput" : {
      "type" : "expression",
      "value" : "return {\n\t'knownLength': $data.formInput.knownLength,\n\t'frenquence': $data.formInput.frenquence,\n\t'knowingWell': $data.formInput.knowingWell,\n\t'relationShip': $data.formInput.relationShip,\n\t'isBack': $data.formInput.isBack\n};",
      "exposed" : false
    },
    "context" : {
      "type" : "url",
      "value" : "../API/bpm/userTask/{{taskId}}/context",
      "exposed" : false
    },
    "taskId" : {
      "type" : "urlparameter",
      "value" : "id",
      "exposed" : false
    }
  },
  "uuid" : "4f32e0fe-149a-4e1e-bc9f-e63f94ab99c5",
  "type" : "form"
}