{
  "designerVersion" : "1.7.49",
  "id" : "step7Form",
  "name" : "step7Form",
  "lastUpdate" : 1533124668960,
  "rows" : [ [ {
    "type" : "container",
    "dimension" : {
      "xs" : 12
    },
    "propertyValues" : {
      "cssClasses" : {
        "type" : "constant",
        "value" : ""
      },
      "hidden" : {
        "type" : "constant",
        "value" : true
      },
      "repeatedCollection" : {
        "type" : "variable",
        "value" : ""
      }
    },
    "reference" : "8c78e7d5-df55-42d8-ad66-6f1fe3e01bd2",
    "id" : "pbContainer",
    "rows" : [ [ {
      "type" : "component",
      "dimension" : {
        "xs" : 12
      },
      "propertyValues" : {
        "labelHidden" : {
          "type" : "constant",
          "value" : false
        },
        "readonly" : {
          "type" : "constant",
          "value" : false
        },
        "level" : {
          "type" : "constant",
          "value" : "Level 1"
        },
        "cssClasses" : {
          "type" : "constant",
          "value" : ""
        },
        "widgetId" : {
          "type" : "constant",
          "value" : "pbTitle"
        },
        "isDisplayed" : {
          "type" : "constant",
          "value" : true
        },
        "label" : {
          "type" : "interpolation"
        },
        "text" : {
          "type" : "interpolation",
          "value" : "{{ task.displayName }}"
        },
        "alignment" : {
          "type" : "constant",
          "value" : "center"
        },
        "class" : {
          "type" : "constant",
          "value" : "org.bonitasoft.web.designer.experimental.parametrizedWidget.TitleWidget"
        },
        "dimension" : {
          "type" : "constant",
          "value" : 12
        }
      },
      "reference" : "51b22552-fe12-4313-a297-009b351027ba",
      "id" : "pbTitle"
    } ], [ {
      "type" : "component",
      "dimension" : {
        "xs" : 12
      },
      "propertyValues" : {
        "labelHidden" : {
          "type" : "constant",
          "value" : false
        },
        "readonly" : {
          "type" : "constant",
          "value" : false
        },
        "cssClasses" : {
          "type" : "constant",
          "value" : ""
        },
        "widgetId" : {
          "type" : "constant",
          "value" : "pbText"
        },
        "isDisplayed" : {
          "type" : "constant",
          "value" : true
        },
        "label" : {
          "type" : "interpolation"
        },
        "text" : {
          "type" : "interpolation",
          "value" : "{{ task.displayDescription }}"
        },
        "alignment" : {
          "type" : "constant",
          "value" : "left"
        },
        "class" : {
          "type" : "constant",
          "value" : "org.bonitasoft.web.designer.experimental.parametrizedWidget.TextWidget"
        },
        "dimension" : {
          "type" : "constant",
          "value" : 12
        }
      },
      "reference" : "064487d3-8271-4249-b9d8-62e569db185f",
      "id" : "pbText"
    } ] ]
  } ], [ {
    "type" : "fragment",
    "dimension" : {
      "xs" : 12,
      "sm" : 12,
      "md" : 12,
      "lg" : 12
    },
    "propertyValues" : {
      "cssClasses" : {
        "type" : "constant",
        "value" : ""
      },
      "hidden" : {
        "type" : "constant",
        "value" : false
      }
    },
    "reference" : "19f390ca-2d63-4fb3-b41c-0cf06a32d3c0",
    "id" : "titleFragment",
    "binding" : { }
  } ], [ {
    "type" : "container",
    "dimension" : {
      "xs" : 12,
      "sm" : 12,
      "md" : 12,
      "lg" : 12
    },
    "propertyValues" : {
      "cssClasses" : {
        "type" : "constant",
        "value" : ""
      },
      "hidden" : {
        "type" : "constant",
        "value" : false
      },
      "repeatedCollection" : {
        "type" : "variable",
        "value" : ""
      }
    },
    "reference" : "bc5e6159-54be-4970-b82f-743ed62ac5e1",
    "id" : "pbContainer",
    "rows" : [ [ {
      "type" : "component",
      "dimension" : {
        "xs" : 12,
        "sm" : 12,
        "md" : 12,
        "lg" : 12
      },
      "propertyValues" : {
        "cssClasses" : {
          "type" : "constant",
          "value" : ""
        },
        "hidden" : {
          "type" : "constant",
          "value" : false
        },
        "value" : {
          "type" : "constant",
          "value" : "This is the initial value"
        },
        "color" : {
          "type" : "constant",
          "value" : "RebeccaPurple"
        },
        "background" : {
          "type" : "constant",
          "value" : "Yellow"
        },
        "currentStep" : {
          "type" : "constant",
          "value" : 8
        }
      },
      "reference" : "8e5429cc-671a-40b3-a21e-f1580580bf95",
      "id" : "customProcessFlow"
    } ] ]
  } ], [ {
    "type" : "formContainer",
    "dimension" : {
      "xs" : 12
    },
    "propertyValues" : {
      "cssClasses" : {
        "type" : "constant",
        "value" : ""
      },
      "hidden" : {
        "type" : "constant",
        "value" : false
      }
    },
    "reference" : "bd818718-4528-4d50-adf9-c83fd4ffb417",
    "id" : "pbFormContainer",
    "container" : {
      "type" : "container",
      "dimension" : {
        "xs" : 12
      },
      "propertyValues" : { },
      "reference" : "5d901c04-e8e8-4184-aba7-10fdbb695bd0",
      "id" : "pbContainer",
      "rows" : [ [ {
        "type" : "component",
        "dimension" : {
          "xs" : 12
        },
        "propertyValues" : {
          "cssClasses" : {
            "type" : "constant",
            "value" : ""
          },
          "hidden" : {
            "type" : "constant",
            "value" : true
          },
          "disabled" : {
            "type" : "constant",
            "value" : false
          },
          "required" : {
            "type" : "constant",
            "value" : false
          },
          "label" : {
            "type" : "interpolation",
            "value" : "I have additional relevant comments, information, or recommendations."
          },
          "value" : {
            "type" : "variable",
            "value" : ""
          }
        },
        "reference" : "dc7657a9-2f3a-4d46-bc53-bc2cba8693fe",
        "id" : "pbCheckbox"
      } ], [ {
        "type" : "component",
        "dimension" : {
          "xs" : 12,
          "sm" : 12,
          "md" : 12,
          "lg" : 12
        },
        "propertyValues" : {
          "cssClasses" : {
            "type" : "constant",
            "value" : ""
          },
          "hidden" : {
            "type" : "constant",
            "value" : false
          },
          "disabled" : {
            "type" : "constant",
            "value" : false
          },
          "required" : {
            "type" : "constant",
            "value" : false
          },
          "label" : {
            "type" : "interpolation",
            "value" : "I have additional relevant comments, information, or recommendations."
          },
          "value" : {
            "type" : "variable",
            "value" : ""
          }
        },
        "reference" : "7d77f442-b7cd-4b7e-901a-077ec940d9a8",
        "id" : "customCheckboxWithTextArea"
      } ], [ {
        "type" : "component",
        "dimension" : {
          "xs" : 12
        },
        "propertyValues" : {
          "cssClasses" : {
            "type" : "constant",
            "value" : ""
          },
          "hidden" : {
            "type" : "constant",
            "value" : false
          },
          "disabled" : {
            "type" : "constant",
            "value" : false
          },
          "required" : {
            "type" : "constant",
            "value" : false
          },
          "label" : {
            "type" : "interpolation",
            "value" : "I would like someone to contact me"
          },
          "value" : {
            "type" : "variable",
            "value" : ""
          }
        },
        "reference" : "c32ce221-0fe0-4549-9453-f926d37802f7",
        "id" : "pbCheckbox"
      } ], [ {
        "type" : "component",
        "dimension" : {
          "xs" : 12
        },
        "propertyValues" : {
          "cssClasses" : {
            "type" : "constant",
            "value" : ""
          },
          "widgetId" : {
            "type" : "constant",
            "value" : "pbInput"
          },
          "isDisplayed" : {
            "type" : "constant",
            "value" : true
          },
          "labelWidth" : {
            "type" : "constant",
            "value" : 1
          },
          "label" : {
            "type" : "interpolation",
            "value" : ""
          },
          "type" : {
            "type" : "constant",
            "value" : "text"
          },
          "required" : {
            "type" : "constant",
            "value" : false
          },
          "labelHidden" : {
            "type" : "constant",
            "value" : false
          },
          "readonly" : {
            "type" : "constant",
            "value" : false
          },
          "labelPosition" : {
            "type" : "constant",
            "value" : "top"
          },
          "placeholder" : {
            "type" : "constant",
            "value" : "Type your specialty here"
          },
          "alignment" : {
            "type" : "constant",
            "value" : "left"
          },
          "class" : {
            "type" : "constant",
            "value" : "org.bonitasoft.web.designer.experimental.parametrizedWidget.InputWidget"
          },
          "dimension" : {
            "type" : "constant",
            "value" : 12
          },
          "value" : {
            "type" : "variable",
            "value" : "formInput.mySpecialty"
          },
          "hidden" : {
            "type" : "constant",
            "value" : false
          },
          "minLength" : {
            "type" : "constant",
            "value" : ""
          },
          "maxLength" : {
            "type" : "constant",
            "value" : ""
          },
          "readOnly" : {
            "type" : "constant",
            "value" : false
          },
          "min" : {
            "type" : "constant"
          },
          "max" : {
            "type" : "constant"
          },
          "step" : {
            "type" : "constant",
            "value" : 1
          }
        },
        "reference" : "5d75e6dd-ae73-4f90-a404-76ee03c4095b",
        "id" : "pbInput"
      } ], [ {
        "type" : "component",
        "dimension" : {
          "xs" : 12
        },
        "propertyValues" : {
          "cssClasses" : {
            "type" : "constant",
            "value" : ""
          },
          "hidden" : {
            "type" : "constant",
            "value" : false
          },
          "disabled" : {
            "type" : "constant",
            "value" : false
          },
          "required" : {
            "type" : "constant",
            "value" : false
          },
          "labelHidden" : {
            "type" : "constant",
            "value" : false
          },
          "label" : {
            "type" : "interpolation",
            "value" : "Select your Degree"
          },
          "labelPosition" : {
            "type" : "constant",
            "value" : "top"
          },
          "labelWidth" : {
            "type" : "constant",
            "value" : 4
          },
          "placeholder" : {
            "type" : "interpolation",
            "value" : "Select an option"
          },
          "availableValues" : {
            "type" : "expression",
            "value" : "degrees"
          },
          "displayedKey" : {
            "type" : "constant",
            "value" : "label"
          },
          "returnedKey" : {
            "type" : "constant",
            "value" : "key"
          },
          "value" : {
            "type" : "variable",
            "value" : "formInput.myDegree"
          }
        },
        "reference" : "8a81648b-17bb-4d7d-9902-d98c6a3f712a",
        "id" : "pbSelect"
      } ], [ {
        "type" : "component",
        "dimension" : {
          "xs" : 12
        },
        "propertyValues" : {
          "cssClasses" : {
            "type" : "constant",
            "value" : ""
          },
          "widgetId" : {
            "type" : "constant",
            "value" : "pbInput"
          },
          "isDisplayed" : {
            "type" : "constant",
            "value" : true
          },
          "labelWidth" : {
            "type" : "constant",
            "value" : 1
          },
          "label" : {
            "type" : "interpolation",
            "value" : "My Signiture"
          },
          "type" : {
            "type" : "constant",
            "value" : "text"
          },
          "required" : {
            "type" : "constant",
            "value" : true
          },
          "labelHidden" : {
            "type" : "constant",
            "value" : false
          },
          "readonly" : {
            "type" : "constant",
            "value" : false
          },
          "labelPosition" : {
            "type" : "constant",
            "value" : "top"
          },
          "placeholder" : {
            "type" : "constant",
            "value" : "Digital/eSigniture"
          },
          "alignment" : {
            "type" : "constant",
            "value" : "left"
          },
          "class" : {
            "type" : "constant",
            "value" : "org.bonitasoft.web.designer.experimental.parametrizedWidget.InputWidget"
          },
          "dimension" : {
            "type" : "constant",
            "value" : 12
          },
          "value" : {
            "type" : "variable",
            "value" : "formInput.mySigniture"
          },
          "hidden" : {
            "type" : "constant",
            "value" : false
          },
          "minLength" : {
            "type" : "constant",
            "value" : ""
          },
          "maxLength" : {
            "type" : "constant",
            "value" : ""
          },
          "readOnly" : {
            "type" : "constant",
            "value" : false
          },
          "min" : {
            "type" : "constant"
          },
          "max" : {
            "type" : "constant"
          },
          "step" : {
            "type" : "constant",
            "value" : 1
          }
        },
        "reference" : "0948ed50-d9c8-4f4f-a72e-ef93a518b5a6",
        "id" : "pbInput"
      } ], [ {
        "type" : "component",
        "dimension" : {
          "xs" : 12
        },
        "propertyValues" : {
          "cssClasses" : {
            "type" : "constant",
            "value" : ""
          },
          "hidden" : {
            "type" : "constant",
            "value" : false
          },
          "disabled" : {
            "type" : "constant",
            "value" : false
          },
          "required" : {
            "type" : "constant",
            "value" : true
          },
          "label" : {
            "type" : "interpolation",
            "value" : "I understand checking this box constitutes a legal signature confirming that i acknowledge I am the above named individual, and that I agree to  Intellicentrics's SEC3URE Terms of Acceptance."
          },
          "value" : {
            "type" : "variable",
            "value" : "formInput.myUnderstandChecked"
          }
        },
        "reference" : "29a952b5-dd98-4639-98b9-f1800d130af6",
        "id" : "pbCheckbox"
      } ], [ {
        "type" : "component",
        "dimension" : {
          "xs" : 12,
          "sm" : 12,
          "md" : 6,
          "lg" : 6
        },
        "propertyValues" : {
          "cssClasses" : {
            "type" : "constant",
            "value" : ""
          },
          "hidden" : {
            "type" : "constant",
            "value" : false
          },
          "disabled" : {
            "type" : "constant",
            "value" : false
          },
          "label" : {
            "type" : "interpolation",
            "value" : "Back"
          },
          "alignment" : {
            "type" : "constant",
            "value" : "right"
          },
          "buttonStyle" : {
            "type" : "constant",
            "value" : "warning"
          },
          "action" : {
            "type" : "constant",
            "value" : "Submit task"
          },
          "url" : {
            "type" : "interpolation"
          },
          "dataToSend" : {
            "type" : "expression",
            "value" : "formBackOutput"
          },
          "dataFromSuccess" : {
            "type" : "variable",
            "value" : "successResponse"
          },
          "dataFromError" : {
            "type" : "variable",
            "value" : "failureResponse"
          },
          "targetUrlOnSuccess" : {
            "type" : "interpolation"
          },
          "collectionToModify" : {
            "type" : "variable"
          },
          "collectionPosition" : {
            "type" : "constant",
            "value" : "Last"
          },
          "valueToAdd" : {
            "type" : "constant"
          },
          "removeItem" : {
            "type" : "variable"
          }
        },
        "reference" : "cb4c8088-0c24-4c20-89bd-7b77bb87281f",
        "id" : "pbButton"
      }, {
        "type" : "component",
        "dimension" : {
          "xs" : 12,
          "md" : 6,
          "lg" : 6
        },
        "propertyValues" : {
          "removeItem" : {
            "type" : "variable"
          },
          "cssClasses" : {
            "type" : "constant",
            "value" : ""
          },
          "widgetId" : {
            "type" : "constant",
            "value" : "pbButton"
          },
          "buttonStyle" : {
            "type" : "constant",
            "value" : "primary"
          },
          "isDisplayed" : {
            "type" : "constant",
            "value" : true
          },
          "label" : {
            "type" : "interpolation",
            "value" : "Submit"
          },
          "dataToSend" : {
            "type" : "expression",
            "value" : "formOutput"
          },
          "labelHidden" : {
            "type" : "constant",
            "value" : false
          },
          "readonly" : {
            "type" : "constant",
            "value" : false
          },
          "collectionPosition" : {
            "type" : "constant"
          },
          "targetUrlOnSuccess" : {
            "type" : "interpolation",
            "value" : ""
          },
          "action" : {
            "type" : "constant",
            "value" : "Submit task"
          },
          "collectionToModify" : {
            "type" : "variable"
          },
          "valueToAdd" : {
            "type" : "expression"
          },
          "disabled" : {
            "type" : "expression",
            "value" : "$form.$invalid"
          },
          "alignment" : {
            "type" : "constant",
            "value" : "left"
          },
          "class" : {
            "type" : "constant",
            "value" : "org.bonitasoft.web.designer.experimental.parametrizedWidget.ButtonWidget"
          },
          "dimension" : {
            "type" : "constant",
            "value" : 12
          },
          "hidden" : {
            "type" : "constant",
            "value" : false
          },
          "url" : {
            "type" : "interpolation"
          },
          "dataFromSuccess" : {
            "type" : "variable",
            "value" : "successResponse"
          },
          "dataFromError" : {
            "type" : "variable",
            "value" : "failureResponse"
          }
        },
        "reference" : "6659891c-9e28-456e-8095-55f624198254",
        "id" : "pbButton"
      } ] ]
    }
  } ], [ {
    "type" : "component",
    "dimension" : {
      "xs" : 12,
      "sm" : 12,
      "md" : 12,
      "lg" : 12
    },
    "propertyValues" : {
      "cssClasses" : {
        "type" : "constant",
        "value" : ""
      },
      "hidden" : {
        "type" : "constant",
        "value" : false
      },
      "timeToWait" : {
        "type" : "constant",
        "value" : 1000
      },
      "submitButtonSuccessfulResponseValue" : {
        "type" : "expression",
        "value" : "successResponse"
      },
      "numberOfRetries" : {
        "type" : "constant",
        "value" : 8
      },
      "bonitaWebAppName" : {
        "type" : "constant",
        "value" : "bonita"
      },
      "taskId" : {
        "type" : "expression",
        "value" : "taskId"
      },
      "messageDisplayed" : {
        "type" : "constant",
        "value" : "Searching for current user next task in current case"
      }
    },
    "reference" : "e6ba04ce-9d13-42fe-94c5-60f63dee89ef",
    "id" : "customRedirectNextTask"
  } ] ],
  "assets" : [ {
    "id" : "40edd20d-aab1-45ef-8f72-8ee24d612f64",
    "name" : "doctor.jpg",
    "type" : "img",
    "order" : 1,
    "external" : false
  }, {
    "id" : "45bc8db0-45ff-458d-886c-3d91536ae3ee",
    "name" : "Logo.png",
    "type" : "img",
    "order" : 4,
    "external" : false
  }, {
    "id" : "54836cbf-2157-4a15-96a8-8150fdab75c6",
    "name" : "style.css",
    "type" : "css",
    "order" : 0,
    "external" : false
  }, {
    "id" : "46138776-d2cf-4080-997f-032efe80795f",
    "name" : "doctor.png",
    "type" : "img",
    "order" : 3,
    "external" : false
  }, {
    "id" : "aadc5997-ebb3-4a71-a2e8-ab46dfb5e8c9",
    "name" : "IC-logo.svg",
    "type" : "img",
    "order" : 2,
    "external" : false
  } ],
  "inactiveAssets" : [ ],
  "data" : {
    "task" : {
      "type" : "url",
      "value" : "../API/bpm/userTask/{{taskId}}",
      "exposed" : false
    },
    "formInput" : {
      "type" : "expression",
      "value" : "return {\n  \"additionalComments\" : $data.bdmData[0].additionalComments,\n  \"likeToBeContacted\" : $data.bdmData[0].likeToBeContacted,\n  \"mySpecialty\" : $data.bdmData[0].mySpecialty,\n  \"myDegree\" : $data.bdmData[0].myDegree,\n  \"mySigniture\" : $data.bdmData[0].mySigniture,\n  \"myUnderstandChecked\" : $data.bdmData[0].myUnderstandChecked,\n  \"nextStep\" : \"\"\n}",
      "exposed" : false
    },
    "formOutput" : {
      "type" : "expression",
      "value" : "return {\n  \"additionalComments\" : $data.formInput.additionalComments,\n  \"likeToBeContacted\" : $data.formInput.likeToBeContacted,\n  \"mySpecialty\" : $data.formInput.mySpecialty,\n  \"myDegree\" : $data.formInput.myDegree,\n  \"mySigniture\" : $data.formInput.mySigniture,\n  \"myUnderstandChecked\" : $data.formInput.myUnderstandChecked,\n  \"nextStep\" : \"Step8\"\n}",
      "exposed" : false
    },
    "context" : {
      "type" : "url",
      "value" : "../API/bpm/userTask/{{taskId}}/context",
      "exposed" : false
    },
    "taskId" : {
      "type" : "urlparameter",
      "value" : "id",
      "exposed" : false
    },
    "degrees" : {
      "type" : "json",
      "value" : "[\n  {\"label\":\"M.D. Doctor of Medicine\",\"key\":\"MD\"},\n  {\"label\":\"D.O.Doctor of Osteopathic Medicine\",\"key\":\"DO\"},\n  {\"label\":\"N.P. Nurse Practitioner\",\"key\":\"NP\"},\n  {\"label\":\"P.A. Physician Assistants\",\"key\":\"PA\"}\n]",
      "exposed" : false
    },
    "successResponse" : {
      "type" : "constant",
      "value" : "",
      "exposed" : false
    },
    "failureResponse" : {
      "type" : "constant",
      "exposed" : false
    },
    "formBackOutput" : {
      "type" : "expression",
      "value" : "return {\n  \"additionalComments\" : $data.formInput.additionalComments,\n  \"likeToBeContacted\" : $data.formInput.likeToBeContacted,\n  \"mySpecialty\" : $data.formInput.mySpecialty,\n  \"myDegree\" : $data.formInput.myDegree,\n  \"mySigniture\" : $data.formInput.mySigniture,\n  \"myUnderstandChecked\" : $data.formInput.myUnderstandChecked,\n  \"nextStep\" : \"Step026\"\n}",
      "exposed" : false
    },
    "bdmData" : {
      "type" : "url",
      "value" : "../API/bdm/businessData/com.company.model.PeerRecommendation?q=findByProcessInst&p=0&c=10&f=processInst={{task.caseId}}",
      "exposed" : false
    }
  },
  "uuid" : "6b2981ef-f79d-4387-b427-cc3f0f48991c",
  "type" : "form"
}