{
  "designerVersion" : "1.2.9",
  "id" : "customSupervisorChangePageButton",
  "name" : "SupervisorChangePageButton",
  "lastUpdate" : 1526654610879,
  "template" : "<div class=\"text-{{ properties.alignment }}\">\n    <button\n        type=\"button\"\n        ng-class=\"'btn btn-' + properties.buttonStyle\"\n        ng-click=\"changePage()\"\n        ng-disabled=\"properties.disabled\">{{ properties.label | uiTranslate }}</button>\n</div>",
  "controller" : "function ChangePageButton($scope) {\n   var reimbursementCount = $scope.properties.reimbursementCount;\n   var decideFormFlag = $scope.properties.decideFormFlag;\n    \n    if(angular.isUndefined(reimbursementCount))\n        reimbursementCount = 0 \n    else\n        reimbursementCount = parseInt(reimbursementCount);\n        \n     \n    console.log('decideFormFlag '+decideFormFlag);\n    \n    $scope.changePage = function() {\n          if (!angular.isNumber($scope.properties.pageId))\n               throw 'ChangePageButton: \"Page id\" parameter not a number';\n         var transferDetails = $scope.properties.transferDetails;    \n         \n        var reg = /^\\(?([0-9]{3})\\)?[-]?([0-9]{3})[-]?([0-9]{4})$/;  \n      \n        var isValid = reg.exec(transferDetails.requestorDataInput.employeePhoneNumber);  \n        if (isValid) {\n           console.log(\"phone number valid\"); \n        }  else{\n            console.log(\"phone number isn't  valid\"); \n            return false;\n        }  \n           \n       \n        \n         \n         if(angular.equals(\"transfer\",transferDetails.requestorDataInput.requestType)){ // transfer or enroll\n             console.log('Transfer block Begin ');\n             console.log('Before Increment pageId '+$scope.properties.pageId);\n             console.log('reimbursementCount '+reimbursementCount);\n             if(angular.equals(\"yes\",decideFormFlag)){\n                  console.log('--Form Decide Block Enter -------');\n                  console.log('transferDetails '+JSON.stringify(transferDetails));\n                  console.log('request type  '+transferDetails.requestorDataInput.requestType);\n                  console.log('reimbursementFlag  '+transferDetails.requestorDataInput.reimbursement);\n                  \n               if ($scope.properties.pageAction == 'Next'){  \n                     if(reimbursementCount>0 && angular.equals(\"true\",transferDetails.requestorDataInput.reimbursement)){\n                         $scope.properties.pageId++;  \n                     }else{\n                          $scope.properties.pageId =  $scope.properties.pageId + 2;\n                     }\n               }else{\n                   // for back button\n                   if(reimbursementCount>0 && angular.equals(\"true\",transferDetails.requestorDataInput.reimbursement)){\n                         $scope.properties.pageId--;  \n                     }else{\n                          $scope.properties.pageId =  $scope.properties.pageId - 2;\n                     }\n               }\n                 console.log('After Increment pageId '+$scope.properties.pageId);\n                console.log('--Form Decide Block End -------');\n             }else{ // this block for from second screen means device aggrement/notitification\n                console.log('--Continue screens  Block Enter -------');\n                console.log('Before Increment pageId '+$scope.properties.pageId);\n                 if ($scope.properties.pageAction == 'Next'){\n                      $scope.properties.pageId++;  \n                 }else{\n                      $scope.properties.pageId--; \n                 }\n                 console.log('After Increment pageId '+$scope.properties.pageId);\n                 console.log('--Continue screens Block End -------');\n             }\n             console.log('Transfer block End ');\n         }else{ // this block for enroll\n           console.log('Enroll block Enter ');\n            console.log('Before Increment pageId '+$scope.properties.pageId);\n             if ($scope.properties.pageAction == 'Next'){\n                  $scope.properties.pageId++;  \n             }else{\n                  $scope.properties.pageId--; \n             }\n              console.log('After Increment pageId '+$scope.properties.pageId);\n             console.log('Enroll block End ');\n         }\n         \n         \n        \n       /* if ($scope.properties.pageAction == 'Next'){\n            if(flag){\n              $scope.properties.pageId++;  \n            }else{\n                $scope.properties.pageId = $scope.properties.pageId+2;\n            }\n        }\n        else{\n            if(flag){\n              $scope.properties.pageId--;  \n            }else{\n                $scope.properties.pageId = $scope.properties.pageId-2;\n            }\n            $scope.properties.pageId --;\n        }*/\n    };\n}",
  "description" : "Button that increments or decrements a page counter",
  "custom" : true,
  "properties" : [ {
    "label" : "Disabled",
    "name" : "disabled",
    "type" : "boolean",
    "defaultValue" : false,
    "bond" : "expression"
  }, {
    "label" : "Label",
    "name" : "label",
    "type" : "text",
    "defaultValue" : "Click me",
    "bond" : "interpolation"
  }, {
    "label" : "Alignment",
    "name" : "alignment",
    "type" : "choice",
    "defaultValue" : "left",
    "choiceValues" : [ "left", "center", "right" ],
    "bond" : "constant"
  }, {
    "label" : "Style",
    "name" : "buttonStyle",
    "type" : "choice",
    "defaultValue" : "default",
    "choiceValues" : [ "default", "primary", "success", "info", "warning", "danger", "link" ],
    "bond" : "constant"
  }, {
    "label" : "Page action",
    "name" : "pageAction",
    "type" : "choice",
    "choiceValues" : [ "Next", "Previous" ],
    "bond" : "expression"
  }, {
    "label" : "Page id",
    "name" : "pageId",
    "type" : "text",
    "bond" : "variable"
  }, {
    "label" : "reimbursementCount",
    "name" : "reimbursementCount",
    "type" : "text",
    "bond" : "variable"
  }, {
    "label" : "transferDetails",
    "name" : "transferDetails",
    "type" : "text",
    "bond" : "variable"
  }, {
    "label" : "decideFormFlag",
    "name" : "decideFormFlag",
    "type" : "text",
    "bond" : "variable"
  } ],
  "assets" : [ ],
  "requiredModules" : [ ],
  "type" : "widget",
  "hasHelp" : false
}