{
  "designerVersion" : "1.7.49",
  "id" : "step2Form",
  "name" : "step2Form",
  "lastUpdate" : 1533048431491,
  "rows" : [ [ {
    "type" : "container",
    "dimension" : {
      "xs" : 12
    },
    "propertyValues" : { },
    "reference" : "a6f1361f-eb61-408e-8bfc-64d035fd67d1",
    "id" : "pbContainer",
    "rows" : [ [ {
      "type" : "component",
      "dimension" : {
        "xs" : 12
      },
      "propertyValues" : {
        "labelHidden" : {
          "type" : "constant",
          "value" : false
        },
        "readonly" : {
          "type" : "constant",
          "value" : false
        },
        "level" : {
          "type" : "constant",
          "value" : "Level 1"
        },
        "cssClasses" : {
          "type" : "constant",
          "value" : ""
        },
        "widgetId" : {
          "type" : "constant",
          "value" : "pbTitle"
        },
        "isDisplayed" : {
          "type" : "constant",
          "value" : true
        },
        "label" : {
          "type" : "interpolation"
        },
        "text" : {
          "type" : "interpolation",
          "value" : "{{ task.displayName }}"
        },
        "alignment" : {
          "type" : "constant",
          "value" : "center"
        },
        "class" : {
          "type" : "constant",
          "value" : "org.bonitasoft.web.designer.experimental.parametrizedWidget.TitleWidget"
        },
        "dimension" : {
          "type" : "constant",
          "value" : 12
        },
        "hidden" : {
          "type" : "constant",
          "value" : true
        }
      },
      "reference" : "22a795c4-122c-40c4-9265-7866fad6e81e",
      "id" : "pbTitle"
    } ], [ {
      "type" : "component",
      "dimension" : {
        "xs" : 12
      },
      "propertyValues" : {
        "labelHidden" : {
          "type" : "constant",
          "value" : false
        },
        "readonly" : {
          "type" : "constant",
          "value" : false
        },
        "cssClasses" : {
          "type" : "constant",
          "value" : ""
        },
        "widgetId" : {
          "type" : "constant",
          "value" : "pbText"
        },
        "isDisplayed" : {
          "type" : "constant",
          "value" : true
        },
        "label" : {
          "type" : "interpolation"
        },
        "text" : {
          "type" : "interpolation",
          "value" : "{{ task.displayDescription }}"
        },
        "alignment" : {
          "type" : "constant",
          "value" : "left"
        },
        "class" : {
          "type" : "constant",
          "value" : "org.bonitasoft.web.designer.experimental.parametrizedWidget.TextWidget"
        },
        "dimension" : {
          "type" : "constant",
          "value" : 12
        },
        "hidden" : {
          "type" : "constant",
          "value" : true
        },
        "allowHTML" : {
          "type" : "constant",
          "value" : true
        }
      },
      "reference" : "e3d3a22d-7a98-4342-a162-b4d68da423b0",
      "id" : "pbText"
    } ] ]
  } ], [ {
    "type" : "fragment",
    "dimension" : {
      "xs" : 12,
      "sm" : 12,
      "md" : 12,
      "lg" : 12
    },
    "propertyValues" : {
      "cssClasses" : {
        "type" : "constant",
        "value" : ""
      },
      "hidden" : {
        "type" : "constant",
        "value" : false
      }
    },
    "reference" : "21a5066f-3ec4-42bd-b9d6-56fb06a1db58",
    "id" : "titleFragment",
    "binding" : { }
  } ], [ {
    "type" : "container",
    "dimension" : {
      "xs" : 12,
      "sm" : 12,
      "md" : 12,
      "lg" : 12
    },
    "propertyValues" : {
      "cssClasses" : {
        "type" : "constant",
        "value" : ""
      },
      "hidden" : {
        "type" : "constant",
        "value" : false
      },
      "repeatedCollection" : {
        "type" : "variable",
        "value" : ""
      }
    },
    "reference" : "5275e757-fb83-4932-be9f-92f7ec6fc76a",
    "id" : "pbContainer",
    "rows" : [ [ {
      "type" : "component",
      "dimension" : {
        "xs" : 12,
        "sm" : 12,
        "md" : 12,
        "lg" : 12
      },
      "propertyValues" : {
        "cssClasses" : {
          "type" : "constant",
          "value" : ""
        },
        "hidden" : {
          "type" : "constant",
          "value" : false
        },
        "value" : {
          "type" : "constant",
          "value" : "This is the initial value"
        },
        "color" : {
          "type" : "constant",
          "value" : "RebeccaPurple"
        },
        "background" : {
          "type" : "constant",
          "value" : "Yellow"
        },
        "currentStep" : {
          "type" : "constant",
          "value" : 3
        }
      },
      "reference" : "48d79c94-2490-446b-8a73-09cda9fc41a0",
      "id" : "customProcessFlow"
    } ] ]
  } ], [ {
    "type" : "formContainer",
    "dimension" : {
      "xs" : 12
    },
    "propertyValues" : {
      "cssClasses" : {
        "type" : "constant",
        "value" : ""
      },
      "hidden" : {
        "type" : "constant",
        "value" : false
      }
    },
    "reference" : "59aebec2-0f1f-4e1c-bc6e-10ff52f91525",
    "id" : "pbFormContainer",
    "container" : {
      "type" : "container",
      "dimension" : {
        "xs" : 12
      },
      "propertyValues" : { },
      "reference" : "ea558000-fc8b-48f6-8781-bc8e78fe81e6",
      "id" : "pbContainer",
      "rows" : [ [ {
        "type" : "component",
        "dimension" : {
          "xs" : 12
        },
        "propertyValues" : {
          "cssClasses" : {
            "type" : "constant",
            "value" : ""
          },
          "hidden" : {
            "type" : "constant",
            "value" : false
          },
          "disabled" : {
            "type" : "constant",
            "value" : false
          },
          "required" : {
            "type" : "constant",
            "value" : false
          },
          "labelHidden" : {
            "type" : "constant",
            "value" : false
          },
          "label" : {
            "type" : "interpolation",
            "value" : "How long have you known the applicant?"
          },
          "labelPosition" : {
            "type" : "constant",
            "value" : "top"
          },
          "labelWidth" : {
            "type" : "constant",
            "value" : 4
          },
          "inline" : {
            "type" : "constant",
            "value" : false
          },
          "availableValues" : {
            "type" : "constant",
            "value" : [ "6-12 Months", "1-3 Years", "4-5 Years", "+ 5  Years" ]
          },
          "displayedKey" : {
            "type" : "constant"
          },
          "returnedKey" : {
            "type" : "constant"
          },
          "selectedValue" : {
            "type" : "variable",
            "value" : "formInput.knownLength"
          }
        },
        "reference" : "88ed5e88-8884-4e25-be50-9a0dff8c787f",
        "id" : "pbRadioButtons"
      } ], [ {
        "type" : "component",
        "dimension" : {
          "xs" : 12
        },
        "propertyValues" : {
          "cssClasses" : {
            "type" : "constant",
            "value" : ""
          },
          "hidden" : {
            "type" : "constant",
            "value" : false
          },
          "disabled" : {
            "type" : "constant",
            "value" : false
          },
          "required" : {
            "type" : "constant",
            "value" : false
          },
          "labelHidden" : {
            "type" : "constant",
            "value" : false
          },
          "label" : {
            "type" : "interpolation",
            "value" : "How frequently did you observe the applicant?"
          },
          "labelPosition" : {
            "type" : "constant",
            "value" : "top"
          },
          "labelWidth" : {
            "type" : "constant",
            "value" : 4
          },
          "inline" : {
            "type" : "constant",
            "value" : false
          },
          "availableValues" : {
            "type" : "constant",
            "value" : [ "infrequently", "Monthly", "Weekly", "Daily" ]
          },
          "displayedKey" : {
            "type" : "constant"
          },
          "returnedKey" : {
            "type" : "constant"
          },
          "selectedValue" : {
            "type" : "variable",
            "value" : "formInput.frenquence"
          }
        },
        "reference" : "428705b4-0776-4293-aa0c-ca0b44e50139",
        "id" : "pbRadioButtons"
      } ], [ {
        "type" : "component",
        "dimension" : {
          "xs" : 12
        },
        "propertyValues" : {
          "cssClasses" : {
            "type" : "constant",
            "value" : ""
          },
          "hidden" : {
            "type" : "constant",
            "value" : false
          },
          "disabled" : {
            "type" : "constant",
            "value" : false
          },
          "required" : {
            "type" : "constant",
            "value" : false
          },
          "labelHidden" : {
            "type" : "constant",
            "value" : false
          },
          "label" : {
            "type" : "interpolation",
            "value" : "How well do you know the applicant?"
          },
          "labelPosition" : {
            "type" : "constant",
            "value" : "top"
          },
          "labelWidth" : {
            "type" : "constant",
            "value" : 4
          },
          "inline" : {
            "type" : "constant",
            "value" : false
          },
          "availableValues" : {
            "type" : "constant",
            "value" : [ "Professionally", "Personally", "Very well", "Well", "Casually" ]
          },
          "displayedKey" : {
            "type" : "constant"
          },
          "returnedKey" : {
            "type" : "constant"
          },
          "selectedValue" : {
            "type" : "variable",
            "value" : "formInput.knowingWell"
          }
        },
        "reference" : "9ef92a07-1c6e-4990-9bcb-5f0c41500e0e",
        "id" : "pbRadioButtons"
      } ], [ {
        "type" : "component",
        "dimension" : {
          "xs" : 12
        },
        "propertyValues" : {
          "cssClasses" : {
            "type" : "constant",
            "value" : ""
          },
          "hidden" : {
            "type" : "constant",
            "value" : false
          },
          "disabled" : {
            "type" : "constant",
            "value" : false
          },
          "required" : {
            "type" : "constant",
            "value" : false
          },
          "label" : {
            "type" : "interpolation",
            "value" : "I am now, or was previously, or about to become related to the applicant as family or professional partnership or financial association."
          },
          "value" : {
            "type" : "variable",
            "value" : "formInput.relationShip"
          }
        },
        "reference" : "e3c39fc7-96e4-4dc0-9c09-2d952d74f8a4",
        "id" : "pbCheckbox"
      } ], [ {
        "type" : "component",
        "dimension" : {
          "xs" : 12,
          "sm" : 12,
          "md" : 6,
          "lg" : 6
        },
        "propertyValues" : {
          "cssClasses" : {
            "type" : "constant",
            "value" : ""
          },
          "hidden" : {
            "type" : "constant",
            "value" : false
          },
          "disabled" : {
            "type" : "constant",
            "value" : false
          },
          "label" : {
            "type" : "interpolation",
            "value" : "Back"
          },
          "alignment" : {
            "type" : "constant",
            "value" : "right"
          },
          "buttonStyle" : {
            "type" : "constant",
            "value" : "warning"
          },
          "action" : {
            "type" : "constant",
            "value" : "Submit task"
          },
          "url" : {
            "type" : "interpolation"
          },
          "dataToSend" : {
            "type" : "expression",
            "value" : "formBackOutput"
          },
          "dataFromSuccess" : {
            "type" : "variable",
            "value" : "successResponse"
          },
          "dataFromError" : {
            "type" : "variable",
            "value" : "failureResponse"
          },
          "targetUrlOnSuccess" : {
            "type" : "interpolation"
          },
          "collectionToModify" : {
            "type" : "variable"
          },
          "collectionPosition" : {
            "type" : "constant",
            "value" : "Last"
          },
          "valueToAdd" : {
            "type" : "constant"
          },
          "removeItem" : {
            "type" : "variable"
          }
        },
        "reference" : "2e0742c3-51fa-4aa3-b393-e5107321316f",
        "id" : "pbButton"
      }, {
        "type" : "component",
        "dimension" : {
          "xs" : 12,
          "md" : 6,
          "lg" : 6
        },
        "propertyValues" : {
          "removeItem" : {
            "type" : "variable"
          },
          "cssClasses" : {
            "type" : "constant",
            "value" : ""
          },
          "widgetId" : {
            "type" : "constant",
            "value" : "pbButton"
          },
          "buttonStyle" : {
            "type" : "constant",
            "value" : "primary"
          },
          "isDisplayed" : {
            "type" : "constant",
            "value" : true
          },
          "label" : {
            "type" : "interpolation",
            "value" : "Submit"
          },
          "dataToSend" : {
            "type" : "expression",
            "value" : "formOutput"
          },
          "labelHidden" : {
            "type" : "constant",
            "value" : false
          },
          "readonly" : {
            "type" : "constant",
            "value" : false
          },
          "collectionPosition" : {
            "type" : "constant"
          },
          "targetUrlOnSuccess" : {
            "type" : "interpolation",
            "value" : ""
          },
          "action" : {
            "type" : "constant",
            "value" : "Submit task"
          },
          "collectionToModify" : {
            "type" : "variable"
          },
          "valueToAdd" : {
            "type" : "expression"
          },
          "disabled" : {
            "type" : "expression",
            "value" : "$form.$invalid"
          },
          "alignment" : {
            "type" : "constant",
            "value" : "left"
          },
          "class" : {
            "type" : "constant",
            "value" : "org.bonitasoft.web.designer.experimental.parametrizedWidget.ButtonWidget"
          },
          "dimension" : {
            "type" : "constant",
            "value" : 12
          },
          "hidden" : {
            "type" : "constant",
            "value" : false
          },
          "url" : {
            "type" : "interpolation"
          },
          "dataFromSuccess" : {
            "type" : "variable",
            "value" : "successResponse"
          },
          "dataFromError" : {
            "type" : "variable",
            "value" : "failureResponse"
          }
        },
        "reference" : "92ada08f-c288-43aa-9126-8f0ab47126e5",
        "id" : "pbButton"
      } ] ]
    }
  } ], [ {
    "type" : "component",
    "dimension" : {
      "xs" : 12,
      "sm" : 12,
      "md" : 12,
      "lg" : 12
    },
    "propertyValues" : {
      "cssClasses" : {
        "type" : "constant",
        "value" : ""
      },
      "hidden" : {
        "type" : "constant",
        "value" : false
      },
      "timeToWait" : {
        "type" : "constant",
        "value" : 1000
      },
      "submitButtonSuccessfulResponseValue" : {
        "type" : "expression",
        "value" : "successResponse"
      },
      "numberOfRetries" : {
        "type" : "constant",
        "value" : 8
      },
      "bonitaWebAppName" : {
        "type" : "constant",
        "value" : "bonita"
      },
      "taskId" : {
        "type" : "expression",
        "value" : "taskId"
      },
      "messageDisplayed" : {
        "type" : "constant",
        "value" : "Searching for current user next task in current case"
      }
    },
    "reference" : "7cd335b8-26a2-42a6-b17c-bed45d779a0f",
    "id" : "customRedirectNextTask"
  } ] ],
  "assets" : [ {
    "id" : "fad8afa5-9b58-4a49-848b-fa615fb47892",
    "name" : "IC-logo.svg",
    "type" : "img",
    "order" : 2,
    "external" : false
  }, {
    "id" : "3fbfaf90-c518-4000-9782-155f967a55c7",
    "name" : "doctor.jpg",
    "type" : "img",
    "order" : 1,
    "external" : false
  }, {
    "id" : "2f8d0d9c-04c4-4ed6-bb14-fee8df385086",
    "name" : "style.css",
    "type" : "css",
    "order" : 0,
    "external" : false
  }, {
    "id" : "a18d5f24-e344-4425-8f7b-903c0cf03e2a",
    "name" : "Logo.png",
    "type" : "img",
    "order" : 4,
    "external" : false
  }, {
    "id" : "25ab720b-5365-4b68-ae51-a50513702335",
    "name" : "doctor.png",
    "type" : "img",
    "order" : 3,
    "external" : false
  } ],
  "inactiveAssets" : [ ],
  "data" : {
    "task" : {
      "type" : "url",
      "value" : "../API/bpm/userTask/{{taskId}}",
      "exposed" : false
    },
    "formInput" : {
      "type" : "expression",
      "value" : "return {\n  \"knownLength\" : $data.bdmData[0].knownLength,\n  \"frenquence\" : $data.bdmData[0].frequence,\n  \"knowingWell\" : $data.bdmData[0].knowingWell,\n  \"relationShip\" : $data.bdmData[0].relationShip,\n  \"nextStep\": \"\"\n}",
      "exposed" : false
    },
    "formOutput" : {
      "type" : "expression",
      "value" : "return {\n\t'knownLength': $data.formInput.knownLength,\n\t'frenquence': $data.formInput.frenquence,\n\t'knowingWell': $data.formInput.knowingWell,\n\t'relationShip': $data.formInput.relationShip,\n\t'nextStep': \"Step37\"\n};",
      "exposed" : false
    },
    "context" : {
      "type" : "url",
      "value" : "../API/bpm/userTask/{{taskId}}/context",
      "exposed" : false
    },
    "taskId" : {
      "type" : "urlparameter",
      "value" : "id",
      "exposed" : false
    },
    "successResponse" : {
      "type" : "constant",
      "value" : "",
      "exposed" : false
    },
    "failureResponse" : {
      "type" : "constant",
      "exposed" : false
    },
    "flowNode" : {
      "type" : "url",
      "value" : "../API/bpm/flowNode/{{taskId}}",
      "exposed" : false
    },
    "formBackOutput" : {
      "type" : "expression",
      "value" : "return {\n\t'knownLength': $data.formInput.knownLength,\n\t'frenquence': $data.formInput.frenquence,\n\t'knowingWell': $data.formInput.knowingWell,\n\t'relationShip': $data.formInput.relationShip,\n\t'nextStep': 'Step1'\n};",
      "exposed" : false
    },
    "bdmData" : {
      "type" : "url",
      "value" : "../API/bdm/businessData/com.company.model.PeerRecommendation?q=findByProcessInst&p=0&c=10&f=processInst={{task.caseId}}",
      "exposed" : false
    }
  },
  "uuid" : "5a6599d2-8dac-45d0-90d6-c34b739057d7",
  "type" : "form"
}