{
  "designerVersion" : "1.7.59",
  "id" : "customProcessFlow",
  "name" : "processFlow",
  "lastUpdate" : 1532609179914,
  "template" : "<!-- The custom widget template is defined here\n   - You can use standard HTML tags and AngularJS built-in directives, scope and interpolation system\n   - Custom widget properties defined on the right can be used as variables in a templates with properties.newProperty\n   - Functions exposed in the controller can be used with ctrl.newFunction()\n   - You can use the 'environment' property injected in the scope when inside the Editor whiteboard. It allows to define a mockup\n     of the Custom Widget to be displayed in the whiteboard only. By default the widget is represented by an auto-generated icon\n     and its name (See the <span> below).\n-->\n \n<!-- Progress Tracker v2 -->\n<div style=\"margin-top:20px;\">\n <div class=\"containerProcess\">\n      <ul class=\"progressbarProcess\">\n        <li class=\"{{ currentStep == $index+1 ? 'active' : ''}}\" ng-repeat=\"i in number\">{{i}}</li>\n        \n        <li class=\"{{ currentStep == 9 ? 'active' : ''}}\"><span class=\"glyphicon glyphicon-flag\"></span></li>\n      </ul>\n</div>\n</div>",
  "controller" : "/**\n * The controller is a JavaScript function that augments the AngularJS scope and exposes functions that can be used in the custom widget template\n * \n * Custom widget properties defined on the right can be used as variables in a controller with $scope.properties\n * To use AngularJS standard services, you must declare them in the main function arguments.\n * \n * You can leave the controller empty if you do not need it.\n */\nfunction ($scope) {\n    $scope.number = [1,2,3,4,5,6,7,8];\n    $scope.currentStep = $scope.properties.currentStep;\n}",
  "custom" : true,
  "properties" : [ {
    "label" : "Value",
    "name" : "value",
    "type" : "text",
    "defaultValue" : "This is the initial value",
    "bond" : "expression"
  }, {
    "label" : "Color",
    "name" : "color",
    "type" : "choice",
    "defaultValue" : "RebeccaPurple",
    "choiceValues" : [ "RebeccaPurple", "Chartreuse", "Tomato", "DeepSkyBlue" ],
    "bond" : "expression"
  }, {
    "label" : "Background color on click",
    "name" : "background",
    "type" : "choice",
    "defaultValue" : "Yellow",
    "choiceValues" : [ "Yellow", "LightGray" ],
    "bond" : "expression"
  }, {
    "label" : "currentStep",
    "name" : "currentStep",
    "type" : "integer",
    "defaultValue" : 1,
    "bond" : "expression"
  } ],
  "assets" : [ {
    "id" : "fd3c081c-1e7a-4b1e-8c32-0d3ebed48c5e",
    "name" : "style.css",
    "type" : "css",
    "order" : 1,
    "external" : false
  } ],
  "requiredModules" : [ ],
  "type" : "widget",
  "hasHelp" : false
}