{
  "designerVersion" : "1.7.59",
  "id" : "customRadioButtonWithLink",
  "name" : "RadioButtonWithLink",
  "lastUpdate" : 1532599241833,
  "template" : "<div ng-class=\"{\n    'form-horizontal': properties.labelPosition === 'left' && !properties.labelHidden,\n    'row': properties.labelPosition === 'top' && !properties.labelHidden || properties.labelHidden\n    }\">\n    <div class=\"form-group\">\n        <label\n            ng-if=\"!properties.labelHidden\"\n            ng-class=\"{ 'control-label--required': properties.required }\"\n            class=\"control-label col-xs-{{ !properties.labelHidden && properties.labelPosition === 'left' ? properties.labelWidth : 12 }}\">\n        {{ properties.label | uiTranslate }}\n        </label>\n        <div class=\"col-xs-{{ 12 - (!properties.labelHidden && properties.labelPosition === 'left' ? properties.labelWidth : 0) }}\">\n            <label ng-if=\"properties.inline\" class=\"radio-inline\" ng-repeat=\"option in properties.availableValues track by $index\">\n                <input\n                    type=\"radio\"\n                    name=\"{{ctrl.name}}\"\n                    ng-model=\"properties.selectedValue\"\n                    ng-value=\"ctrl.getValue(option)\"\n                    ng-required=\"properties.required\"\n                    ng-disabled=\"properties.disabled\">\n                {{ (ctrl.getLabel(option) || option) | uiTranslate }}\n            </label>\n            \n\n            <div ng-if=\"!properties.inline\" class=\"radio\" ng-repeat=\"option in properties.availableValues track by $index\">\n                <label>\n                    <input\n                        type=\"radio\"\n                        name=\"{{ctrl.name}}\"\n                        ng-model=\"properties.selectedValue\"\n                        ng-value=\"ctrl.getValue(option)\"\n                        ng-required=\"properties.required\"\n                        ng-disabled=\"properties.disabled\">\n                    {{ (ctrl.getLabel(option) || option) | uiTranslate }}  <span style=\"margin-left: 20px;\"></span><button type=\"button\" class=\"btn btn-sm\" ng-click = \"showPopUp(option.value);\"><b>i</b></button>\n                </label>\n            </div>\n        </div>\n        <div ng-messages=\"$form[ctrl.name].$dirty && $form[ctrl.name].$error \" ng-messages-include=\"forms-generic-errors.html\" role=\"alert\"></div>\n    </div>\n</div>\n\n<div class=\"modal fade\" id=\"myModal\" role=\"dialog\">\n    <div class=\"modal-dialog\">\n      <!-- Modal content-->\n      <div class=\"modal-content\">\n        <!--<div class=\"modal-header\">\n          <button type=\"button\" class=\"close\" data-dismiss=\"modal\">&times;</button>\n          <h4 class=\"modal-title\">Task Assignment</h4>\n        </div>-->\n        <div class=\"modal-body\">\n        <div style =\"margin: 50px;\">\n          <h4 style=\"color:orange;\"><b>{{question}}</b></h4>\n          <h4><b><q>{{answer}}</q></b></h4>\n          <p>{{disclaimer}}</p>\n         </div>\n        </div>\n        <div class=\"modal-footer\">\n          <center>\n          <button type=\"button\" class=\"btn btn-primary\" data-dismiss=\"modal\">OK</button>\n          </center>\n        </div>\n      </div>\n      \n    </div>\n </div>\n\n  \n  \n  \n ",
  "icon" : "<svg xmlns='http://www.w3.org/2000/svg' viewBox='0 0 50 20'><g><path fill='#fff' d='M18,10.7C17.1,1.6,31,0.2,32,9.3C32.9,18.4,19,19.8,18,10.7z M16,10c0,5,4,9,9,9s9-4,9-9s-4-9-9-9 S16,5,16,10z M21,10c0,2.2,1.8,4,4,4s4-1.8,4-4s-1.8-4-4-4S21,7.8,21,10z'/></g></svg>",
  "controller" : "function PbRadioBoxCtrl($scope, $parse, $log, widgetNameFactory,$document) {\n\n  'use strict';\n  var ctrl = this;\n  /**\n   * Watch the data source and set wrapChoices and $scope.properties.values\n   */\n  function comparator(initialValue, item) {\n    return angular.equals(initialValue, ctrl.getValue(item));\n  }\n\n  function createGetter(accessor) {\n    return accessor && $parse(accessor);\n  }\n\n  this.getLabel = createGetter($scope.properties.displayedKey) || function (item) {\n    return typeof item === 'string' ? item : JSON.stringify(item);\n  };\n  this.getValue = createGetter($scope.properties.returnedKey) || function (item) {\n    return item;\n  };\n\n  $scope.$watchCollection('properties.availableValues', function(items){\n    if (Array.isArray(items)) {\n      var foundValue = items\n        .filter(comparator.bind(null, $scope.properties.selectedValue))\n        .reduce(function (acc, item) {\n          return ctrl.getValue(item);\n        }, undefined);\n      if (foundValue) {\n        $scope.properties.selectedValue = foundValue;\n      }\n    }\n  });\n  \n  $scope.showPopUp = function(data) {\n       var popupInfo = {\n    \"yes\": {\n      \"question\":\"Can you verify the applicant and then provide an accurate recommendation?\",\n      \"answer\":\"YES,the name and image match and I can provide required information.\",\n      \"disclaimer\":\"you will proceed to the next screen to begin your recommendation. this will take approximately 5 minutes. Thank you!\"\n    },\n    \"yesNot\": {\n      \"question\":\"Can you verify the applicant and then provide an accurate recommendation?\",\n      \"answer\":\"YES, I have information on the requested individual name, but I am not able to verify the image due to lack of perrsonal contact.\",\n      \"disclaimer\":\"you will proceed to the next screen to begin your recommendation. this will take approximately 5 minutes. Thank you!\"\n    },\n    \"yesLimited\": {\n      \"question\":\"Can you verify the applicant and then provide an accurate recommendation?\",\n      \"answer\":\"Yes, the name and image match but I have limited information to provide.\",\n      \"disclaimer\":\"you will proceed to the next screen to begin your recommendation. this will take approximately 5 minutes. Thank you!\"\n    },\n    \"noDoubts\": {\n      \"question\":\"Can you verify the applicant and then provide an accurate recommendation?\",\n      \"answer\":\"I have doubts in the validity of the image and the individual for which information is being reuested. Please have someone contact me directly.\",\n      \"disclaimer\":\"you will proceed to the next screen to begin your recommendation. this will take approximately 5 minutes. Thank you!\"\n    },\n    \"no\": {\n      \"question\":\"Can you verify the applicant and then provide an accurate recommendation?\",\n      \"answer\":\"No.I do not feel the individual pictured is the same. I am unable to provide a recommendation.\",\n      \"disclaimer\":\"you will proceed to the next screen to begin your recommendation. this will take approximately 5 minutes. Thank you!\"\n    }\n   };\n   \n       var popupEle = popupInfo[data];\n       $scope.question = popupEle[\"question\"];\n       $scope.answer = popupEle[\"answer\"];\n       $scope.disclaimer = popupEle[\"disclaimer\"];\n       $('#myModal').modal('show');\n    };\n\n  this.name = widgetNameFactory.getName('pbRadioBox');\n\n  if (!$scope.properties.isBound('selectedValue')) {\n    $log.error('the pbRadioBox property named \"selectedValue\" need to be bound to a variable');\n  }\n}\n",
  "description" : "Set of buttons for mutually exclusive options. The user selects one option",
  "custom" : true,
  "order" : 8,
  "properties" : [ {
    "label" : "Read-only",
    "name" : "disabled",
    "type" : "boolean",
    "defaultValue" : false,
    "bond" : "expression"
  }, {
    "label" : "Required",
    "name" : "required",
    "help" : "In the context of a form container, use $form.$invalid as a Boolean to check form validity in a widget property",
    "type" : "boolean",
    "defaultValue" : false,
    "bond" : "expression"
  }, {
    "label" : "Label hidden",
    "name" : "labelHidden",
    "type" : "boolean",
    "defaultValue" : false,
    "bond" : "constant"
  }, {
    "label" : "Label",
    "name" : "label",
    "showFor" : "properties.labelHidden.value === false",
    "type" : "text",
    "defaultValue" : "Default label",
    "bond" : "interpolation"
  }, {
    "label" : "Label position",
    "name" : "labelPosition",
    "showFor" : "properties.labelHidden.value === false",
    "type" : "choice",
    "defaultValue" : "top",
    "choiceValues" : [ "left", "top" ],
    "bond" : "constant"
  }, {
    "label" : "Label width",
    "name" : "labelWidth",
    "showFor" : "properties.labelHidden.value === false",
    "type" : "integer",
    "defaultValue" : 4,
    "bond" : "constant",
    "constraints" : {
      "min" : "1",
      "max" : "12"
    }
  }, {
    "label" : "Inline",
    "name" : "inline",
    "type" : "boolean",
    "defaultValue" : false,
    "bond" : "constant"
  }, {
    "label" : "Available values",
    "name" : "availableValues",
    "caption" : "Comma-separated list or bound an array data",
    "type" : "collection",
    "defaultValue" : [ "yes", "no" ],
    "bond" : "expression"
  }, {
    "label" : "Displayed key",
    "name" : "displayedKey",
    "help" : "The name of the key to use as label. Can be empty",
    "type" : "text",
    "bond" : "expression"
  }, {
    "label" : "Returned key",
    "name" : "returnedKey",
    "caption" : "Value must be unique",
    "help" : "The name of the key to use as value. Leave it empty for whole object",
    "type" : "text",
    "bond" : "expression"
  }, {
    "label" : "Selected Value",
    "name" : "selectedValue",
    "type" : "text",
    "bond" : "variable"
  } ],
  "assets" : [ {
    "id" : "6fb757f6-6c27-4334-9f18-ec6417cca3a4",
    "name" : "https://maxcdn.bootstrapcdn.com/bootstrap/3.3.7/css/bootstrap.min.css",
    "type" : "css",
    "order" : 1,
    "external" : true
  }, {
    "id" : "e7aebc72-8281-45ee-a46a-17b5e27a6c70",
    "name" : "https://maxcdn.bootstrapcdn.com/bootstrap/3.3.7/js/bootstrap.min.js",
    "type" : "js",
    "order" : 3,
    "external" : true
  }, {
    "id" : "84538717-4a83-40c3-815f-97c2d3e2f096",
    "name" : "https://ajax.googleapis.com/ajax/libs/jquery/3.3.1/jquery.min.js",
    "type" : "js",
    "order" : 2,
    "external" : true
  } ],
  "requiredModules" : [ ],
  "type" : "widget",
  "hasHelp" : false
}