{
  "designerVersion" : "1.7.49",
  "id" : "step4Form",
  "name" : "step4Form",
  "lastUpdate" : 1533047707832,
  "rows" : [ [ {
    "type" : "container",
    "dimension" : {
      "xs" : 12
    },
    "propertyValues" : {
      "cssClasses" : {
        "type" : "constant",
        "value" : ""
      },
      "hidden" : {
        "type" : "constant",
        "value" : true
      },
      "repeatedCollection" : {
        "type" : "variable",
        "value" : ""
      }
    },
    "reference" : "ec937315-f094-4077-bea0-55beac8221fe",
    "id" : "pbContainer",
    "rows" : [ [ {
      "type" : "component",
      "dimension" : {
        "xs" : 12
      },
      "propertyValues" : {
        "labelHidden" : {
          "type" : "constant",
          "value" : false
        },
        "readonly" : {
          "type" : "constant",
          "value" : false
        },
        "level" : {
          "type" : "constant",
          "value" : "Level 1"
        },
        "cssClasses" : {
          "type" : "constant",
          "value" : ""
        },
        "widgetId" : {
          "type" : "constant",
          "value" : "pbTitle"
        },
        "isDisplayed" : {
          "type" : "constant",
          "value" : true
        },
        "label" : {
          "type" : "interpolation"
        },
        "text" : {
          "type" : "interpolation",
          "value" : "{{ task.displayName }}"
        },
        "alignment" : {
          "type" : "constant",
          "value" : "center"
        },
        "class" : {
          "type" : "constant",
          "value" : "org.bonitasoft.web.designer.experimental.parametrizedWidget.TitleWidget"
        },
        "dimension" : {
          "type" : "constant",
          "value" : 12
        }
      },
      "reference" : "32c90bb0-ce54-444b-acd5-66cd22ae5eb6",
      "id" : "pbTitle"
    } ], [ {
      "type" : "component",
      "dimension" : {
        "xs" : 12
      },
      "propertyValues" : {
        "labelHidden" : {
          "type" : "constant",
          "value" : false
        },
        "readonly" : {
          "type" : "constant",
          "value" : false
        },
        "cssClasses" : {
          "type" : "constant",
          "value" : ""
        },
        "widgetId" : {
          "type" : "constant",
          "value" : "pbText"
        },
        "isDisplayed" : {
          "type" : "constant",
          "value" : true
        },
        "label" : {
          "type" : "interpolation"
        },
        "text" : {
          "type" : "interpolation",
          "value" : "{{ task.displayDescription }}"
        },
        "alignment" : {
          "type" : "constant",
          "value" : "left"
        },
        "class" : {
          "type" : "constant",
          "value" : "org.bonitasoft.web.designer.experimental.parametrizedWidget.TextWidget"
        },
        "dimension" : {
          "type" : "constant",
          "value" : 12
        }
      },
      "reference" : "86c6cdab-4c9c-4b5a-8b41-d5abf44cdfc8",
      "id" : "pbText"
    } ] ]
  } ], [ {
    "type" : "fragment",
    "dimension" : {
      "xs" : 12,
      "sm" : 12,
      "md" : 12,
      "lg" : 12
    },
    "propertyValues" : {
      "cssClasses" : {
        "type" : "constant",
        "value" : ""
      },
      "hidden" : {
        "type" : "constant",
        "value" : false
      }
    },
    "reference" : "3f51babf-4c38-4b81-b606-83d98c3895c9",
    "id" : "titleFragment",
    "binding" : { }
  } ], [ {
    "type" : "container",
    "dimension" : {
      "xs" : 12,
      "sm" : 12,
      "md" : 12,
      "lg" : 12
    },
    "propertyValues" : {
      "cssClasses" : {
        "type" : "constant",
        "value" : ""
      },
      "hidden" : {
        "type" : "constant",
        "value" : false
      },
      "repeatedCollection" : {
        "type" : "variable",
        "value" : ""
      }
    },
    "reference" : "e7ebf46f-5fdd-49c6-93ac-b8c8c89fc93e",
    "id" : "pbContainer",
    "rows" : [ [ {
      "type" : "component",
      "dimension" : {
        "xs" : 12,
        "sm" : 12,
        "md" : 12,
        "lg" : 12
      },
      "propertyValues" : {
        "cssClasses" : {
          "type" : "constant",
          "value" : ""
        },
        "hidden" : {
          "type" : "constant",
          "value" : false
        },
        "value" : {
          "type" : "constant",
          "value" : "This is the initial value"
        },
        "color" : {
          "type" : "constant",
          "value" : "RebeccaPurple"
        },
        "background" : {
          "type" : "constant",
          "value" : "Yellow"
        },
        "currentStep" : {
          "type" : "constant",
          "value" : 5
        }
      },
      "reference" : "577a8be9-73a3-4825-a8c7-6c666ecb2e57",
      "id" : "customProcessFlow"
    } ] ]
  } ], [ {
    "type" : "formContainer",
    "dimension" : {
      "xs" : 12
    },
    "propertyValues" : {
      "cssClasses" : {
        "type" : "constant",
        "value" : ""
      },
      "hidden" : {
        "type" : "constant",
        "value" : false
      }
    },
    "reference" : "7e7d6739-99ce-48b8-8885-c16697175f8e",
    "id" : "pbFormContainer",
    "container" : {
      "type" : "container",
      "dimension" : {
        "xs" : 12
      },
      "propertyValues" : { },
      "reference" : "7bdd31b7-2482-48e1-ba80-9388363ed956",
      "id" : "pbContainer",
      "rows" : [ [ {
        "type" : "component",
        "dimension" : {
          "xs" : 12
        },
        "propertyValues" : {
          "cssClasses" : {
            "type" : "constant",
            "value" : ""
          },
          "hidden" : {
            "type" : "constant",
            "value" : false
          },
          "disabled" : {
            "type" : "constant",
            "value" : false
          },
          "required" : {
            "type" : "constant",
            "value" : false
          },
          "labelHidden" : {
            "type" : "constant",
            "value" : false
          },
          "label" : {
            "type" : "interpolation",
            "value" : "Appropriate?"
          },
          "labelPosition" : {
            "type" : "constant",
            "value" : "top"
          },
          "labelWidth" : {
            "type" : "constant",
            "value" : 4
          },
          "inline" : {
            "type" : "constant",
            "value" : true
          },
          "availableValues" : {
            "type" : "constant",
            "value" : [ "Yes", "No", "U/E" ]
          },
          "displayedKey" : {
            "type" : "constant"
          },
          "returnedKey" : {
            "type" : "constant"
          },
          "selectedValue" : {
            "type" : "variable",
            "value" : "formInput.appropriate"
          }
        },
        "reference" : "07974b5b-1bbc-49e3-b358-1f525defa43a",
        "id" : "pbRadioButtons"
      } ], [ {
        "type" : "component",
        "dimension" : {
          "xs" : 12
        },
        "propertyValues" : {
          "cssClasses" : {
            "type" : "constant",
            "value" : ""
          },
          "hidden" : {
            "type" : "constant",
            "value" : false
          },
          "disabled" : {
            "type" : "constant",
            "value" : false
          },
          "required" : {
            "type" : "constant",
            "value" : false
          },
          "labelHidden" : {
            "type" : "constant",
            "value" : false
          },
          "label" : {
            "type" : "interpolation",
            "value" : "Training Relevant?"
          },
          "labelPosition" : {
            "type" : "constant",
            "value" : "top"
          },
          "labelWidth" : {
            "type" : "constant",
            "value" : 4
          },
          "inline" : {
            "type" : "constant",
            "value" : true
          },
          "availableValues" : {
            "type" : "constant",
            "value" : [ "Yes", "No", "U/E" ]
          },
          "displayedKey" : {
            "type" : "constant"
          },
          "returnedKey" : {
            "type" : "constant"
          },
          "selectedValue" : {
            "type" : "variable",
            "value" : "formInput.trainingRelevant"
          }
        },
        "reference" : "71f92649-ca4f-43f9-af51-c885f753bd04",
        "id" : "pbRadioButtons"
      } ], [ {
        "type" : "component",
        "dimension" : {
          "xs" : 12
        },
        "propertyValues" : {
          "cssClasses" : {
            "type" : "constant",
            "value" : ""
          },
          "hidden" : {
            "type" : "constant",
            "value" : false
          },
          "disabled" : {
            "type" : "constant",
            "value" : false
          },
          "required" : {
            "type" : "constant",
            "value" : false
          },
          "labelHidden" : {
            "type" : "constant",
            "value" : false
          },
          "label" : {
            "type" : "interpolation",
            "value" : "Currently Competent?"
          },
          "labelPosition" : {
            "type" : "constant",
            "value" : "top"
          },
          "labelWidth" : {
            "type" : "constant",
            "value" : 4
          },
          "inline" : {
            "type" : "constant",
            "value" : true
          },
          "availableValues" : {
            "type" : "constant",
            "value" : [ "Yes", "No", "U/E" ]
          },
          "displayedKey" : {
            "type" : "constant"
          },
          "returnedKey" : {
            "type" : "constant"
          },
          "selectedValue" : {
            "type" : "variable",
            "value" : "formInput.currentlyCompetent"
          }
        },
        "reference" : "1618e312-083b-422e-b0ea-3879065f46cc",
        "id" : "pbRadioButtons"
      } ], [ {
        "type" : "component",
        "dimension" : {
          "xs" : 12
        },
        "propertyValues" : {
          "cssClasses" : {
            "type" : "constant",
            "value" : ""
          },
          "hidden" : {
            "type" : "constant",
            "value" : false
          },
          "disabled" : {
            "type" : "constant",
            "value" : false
          },
          "required" : {
            "type" : "constant",
            "value" : false
          },
          "labelHidden" : {
            "type" : "constant",
            "value" : false
          },
          "label" : {
            "type" : "interpolation",
            "value" : "Health?"
          },
          "labelPosition" : {
            "type" : "constant",
            "value" : "top"
          },
          "labelWidth" : {
            "type" : "constant",
            "value" : 4
          },
          "inline" : {
            "type" : "constant",
            "value" : true
          },
          "availableValues" : {
            "type" : "constant",
            "value" : [ "Yes", "No", "U/E" ]
          },
          "displayedKey" : {
            "type" : "constant"
          },
          "returnedKey" : {
            "type" : "constant"
          },
          "selectedValue" : {
            "type" : "variable",
            "value" : "formInput.health"
          }
        },
        "reference" : "594025d7-9b72-4590-9f44-30546bf8d83a",
        "id" : "pbRadioButtons"
      } ], [ {
        "type" : "component",
        "dimension" : {
          "xs" : 12
        },
        "propertyValues" : {
          "cssClasses" : {
            "type" : "constant",
            "value" : ""
          },
          "hidden" : {
            "type" : "constant",
            "value" : false
          },
          "disabled" : {
            "type" : "constant",
            "value" : false
          },
          "required" : {
            "type" : "constant",
            "value" : false
          },
          "labelHidden" : {
            "type" : "constant",
            "value" : false
          },
          "label" : {
            "type" : "interpolation",
            "value" : "Malpractice Actions?"
          },
          "labelPosition" : {
            "type" : "constant",
            "value" : "top"
          },
          "labelWidth" : {
            "type" : "constant",
            "value" : 4
          },
          "inline" : {
            "type" : "constant",
            "value" : true
          },
          "availableValues" : {
            "type" : "constant",
            "value" : [ "Yes", "No", "U/E" ]
          },
          "displayedKey" : {
            "type" : "constant"
          },
          "returnedKey" : {
            "type" : "constant"
          },
          "selectedValue" : {
            "type" : "variable",
            "value" : "formInput.malpracticeActions"
          }
        },
        "reference" : "b0592d49-5b67-46ae-a958-ba9d94772ada",
        "id" : "pbRadioButtons"
      } ] ]
    }
  } ], [ {
    "type" : "component",
    "dimension" : {
      "xs" : 12,
      "sm" : 12,
      "md" : 6,
      "lg" : 4
    },
    "propertyValues" : {
      "cssClasses" : {
        "type" : "constant",
        "value" : ""
      },
      "hidden" : {
        "type" : "constant",
        "value" : false
      },
      "disabled" : {
        "type" : "constant",
        "value" : false
      },
      "label" : {
        "type" : "interpolation",
        "value" : "Back"
      },
      "alignment" : {
        "type" : "constant",
        "value" : "right"
      },
      "buttonStyle" : {
        "type" : "constant",
        "value" : "warning"
      },
      "action" : {
        "type" : "constant",
        "value" : "Submit task"
      },
      "url" : {
        "type" : "interpolation"
      },
      "dataToSend" : {
        "type" : "expression",
        "value" : "formBackOutput"
      },
      "dataFromSuccess" : {
        "type" : "variable",
        "value" : "successResponse"
      },
      "dataFromError" : {
        "type" : "variable",
        "value" : "failureResponse"
      },
      "targetUrlOnSuccess" : {
        "type" : "interpolation"
      },
      "collectionToModify" : {
        "type" : "variable"
      },
      "collectionPosition" : {
        "type" : "constant",
        "value" : "Last"
      },
      "valueToAdd" : {
        "type" : "constant"
      },
      "removeItem" : {
        "type" : "variable"
      }
    },
    "reference" : "e8952093-632d-4e89-bb1d-e9e30815836a",
    "id" : "pbButton"
  }, {
    "type" : "component",
    "dimension" : {
      "xs" : 12,
      "md" : 4,
      "lg" : 4
    },
    "propertyValues" : {
      "removeItem" : {
        "type" : "variable"
      },
      "cssClasses" : {
        "type" : "constant",
        "value" : ""
      },
      "widgetId" : {
        "type" : "constant",
        "value" : "pbButton"
      },
      "buttonStyle" : {
        "type" : "constant",
        "value" : "primary"
      },
      "isDisplayed" : {
        "type" : "constant",
        "value" : true
      },
      "label" : {
        "type" : "interpolation",
        "value" : "Submit"
      },
      "dataToSend" : {
        "type" : "expression",
        "value" : "formOutput"
      },
      "labelHidden" : {
        "type" : "constant",
        "value" : false
      },
      "readonly" : {
        "type" : "constant",
        "value" : false
      },
      "collectionPosition" : {
        "type" : "constant"
      },
      "targetUrlOnSuccess" : {
        "type" : "interpolation",
        "value" : ""
      },
      "action" : {
        "type" : "constant",
        "value" : "Submit task"
      },
      "collectionToModify" : {
        "type" : "variable"
      },
      "valueToAdd" : {
        "type" : "expression"
      },
      "disabled" : {
        "type" : "expression",
        "value" : "$form.$invalid"
      },
      "alignment" : {
        "type" : "constant",
        "value" : "left"
      },
      "class" : {
        "type" : "constant",
        "value" : "org.bonitasoft.web.designer.experimental.parametrizedWidget.ButtonWidget"
      },
      "dimension" : {
        "type" : "constant",
        "value" : 12
      },
      "hidden" : {
        "type" : "constant",
        "value" : false
      },
      "url" : {
        "type" : "interpolation"
      },
      "dataFromSuccess" : {
        "type" : "variable",
        "value" : "successResponse"
      },
      "dataFromError" : {
        "type" : "variable",
        "value" : "failureResponse"
      }
    },
    "reference" : "5383c4c8-d6eb-4186-b762-7cb1add8ee86",
    "id" : "pbButton"
  } ], [ {
    "type" : "component",
    "dimension" : {
      "xs" : 12,
      "sm" : 12,
      "md" : 12,
      "lg" : 12
    },
    "propertyValues" : {
      "cssClasses" : {
        "type" : "constant",
        "value" : ""
      },
      "hidden" : {
        "type" : "constant",
        "value" : false
      },
      "timeToWait" : {
        "type" : "constant",
        "value" : 1500
      },
      "submitButtonSuccessfulResponseValue" : {
        "type" : "expression",
        "value" : "successResponse"
      },
      "numberOfRetries" : {
        "type" : "constant",
        "value" : 8
      },
      "bonitaWebAppName" : {
        "type" : "constant",
        "value" : "bonita"
      },
      "taskId" : {
        "type" : "expression",
        "value" : "taskId"
      },
      "messageDisplayed" : {
        "type" : "constant",
        "value" : "Searching for current user next task in current case"
      }
    },
    "reference" : "20331ddb-df41-47fc-9acf-f97804e6b4f8",
    "id" : "customRedirectNextTask"
  } ] ],
  "assets" : [ {
    "id" : "efdd0499-0001-49c9-996c-c3e8af9ce9ac",
    "name" : "style.css",
    "type" : "css",
    "order" : 0,
    "external" : false
  }, {
    "id" : "a2bc3f7b-08ae-45ab-87d1-be2c1d95f4cf",
    "name" : "doctor.jpg",
    "type" : "img",
    "order" : 1,
    "external" : false
  }, {
    "id" : "401ff11e-b3bd-4cc7-bdfb-1759748f01f3",
    "name" : "IC-logo.svg",
    "type" : "img",
    "order" : 2,
    "external" : false
  }, {
    "id" : "dd8ca9d4-2804-4603-b295-5b655f8eb8da",
    "name" : "Logo.png",
    "type" : "img",
    "order" : 4,
    "external" : false
  }, {
    "id" : "eae156d5-5ef6-41c2-a84d-1dbd405e2819",
    "name" : "doctor.png",
    "type" : "img",
    "order" : 3,
    "external" : false
  } ],
  "inactiveAssets" : [ ],
  "data" : {
    "task" : {
      "type" : "url",
      "value" : "../API/bpm/userTask/{{taskId}}",
      "exposed" : false
    },
    "formInput" : {
      "type" : "expression",
      "value" : "return {\n  \"appropriate\" : $data.bdmData[0].appropriate,\n  \"trainingRelevant\" : $data.bdmData[0].trainingRelevant,\n  \"currentlyCompetent\" : $data.bdmData[0].currentlyCompetent,\n  \"health\" : $data.bdmData[0].health,\n  \"malpracticeActions\" : $data.bdmData[0].malpracticeActions,\n  \"nextStep\": \"\"\n}",
      "exposed" : false
    },
    "formOutput" : {
      "type" : "expression",
      "value" : "return {\n\t'appropriate': $data.formInput.appropriate,\n\t'trainingRelevant': $data.formInput.trainingRelevant,\n\t'currentlyCompetent': $data.formInput.currentlyCompetent,\n\t'health': $data.formInput.health,\n\t'malpracticeActions': $data.formInput.malpracticeActions,\n\t'nextStep': 'Step5'\n};",
      "exposed" : false
    },
    "context" : {
      "type" : "url",
      "value" : "../API/bpm/userTask/{{taskId}}/context",
      "exposed" : false
    },
    "taskId" : {
      "type" : "urlparameter",
      "value" : "id",
      "exposed" : false
    },
    "failureResponse" : {
      "type" : "constant",
      "exposed" : false
    },
    "successResponse" : {
      "type" : "constant",
      "value" : "",
      "exposed" : false
    },
    "formBackOutput" : {
      "type" : "expression",
      "value" : "return {\n\t'appropriate': $data.formInput.appropriate,\n\t'trainingRelevant': $data.formInput.trainingRelevant,\n\t'currentlyCompetent': $data.formInput.currentlyCompetent,\n\t'health': $data.formInput.health,\n\t'malpracticeActions': $data.formInput.malpracticeActions,\n\t'nextStep': 'Step3'\n};",
      "exposed" : false
    },
    "bdmData" : {
      "type" : "url",
      "value" : "../API/bdm/businessData/com.company.model.PeerRecommendation?q=findByProcessInst&p=0&c=10&f=processInst={{task.caseId}}",
      "exposed" : false
    }
  },
  "uuid" : "34af2ba0-7f4a-4aec-a3e2-be46ca8f42d0",
  "type" : "form"
}