{
  "designerVersion" : "1.7.59",
  "id" : "testWidgets",
  "name" : "testWidgets",
  "lastUpdate" : 1533123977370,
  "rows" : [ [ {
    "type" : "component",
    "dimension" : {
      "xs" : 12,
      "sm" : 12,
      "md" : 6,
      "lg" : 6
    },
    "propertyValues" : {
      "cssClasses" : {
        "type" : "constant",
        "value" : ""
      },
      "hidden" : {
        "type" : "constant",
        "value" : false
      },
      "value" : {
        "type" : "constant",
        "value" : "This is the initial value"
      },
      "color" : {
        "type" : "constant",
        "value" : "RebeccaPurple"
      },
      "background" : {
        "type" : "constant",
        "value" : "Yellow"
      },
      "location" : {
        "type" : "constant",
        "value" : "https://sec3ure-training.intellicentrics.com/MSO_SEC3URE/MOCKUP_PeerReview/IC-DelineationClinicalPrivileges_Otorhinolaryngology.pdf"
      }
    },
    "reference" : "92a3ebc4-c794-4d77-96ed-5b0ff9e88d57",
    "id" : "customModelPopupWithPdf"
  } ], [ {
    "type" : "component",
    "dimension" : {
      "xs" : 12,
      "sm" : 12,
      "md" : 12,
      "lg" : 12
    },
    "propertyValues" : {
      "cssClasses" : {
        "type" : "constant",
        "value" : ""
      },
      "hidden" : {
        "type" : "constant",
        "value" : false
      },
      "disabled" : {
        "type" : "constant",
        "value" : false
      },
      "required" : {
        "type" : "constant",
        "value" : false
      },
      "label" : {
        "type" : "interpolation",
        "value" : "Default label"
      },
      "value" : {
        "type" : "variable",
        "value" : ""
      }
    },
    "reference" : "0cca12e9-da5a-4532-9fab-3ab6d5890655",
    "id" : "customCheckboxWithTextArea"
  } ] ],
  "assets" : [ {
    "id" : "948c50dc-f74f-49d0-84fd-8bc3e6acf1b2",
    "name" : "style.css",
    "type" : "css",
    "order" : 0,
    "external" : false
  }, {
    "id" : "f4072ccf-301d-4b1d-b190-56f9e1f3ce5e",
    "name" : "localization.json",
    "type" : "json",
    "order" : 0,
    "external" : false
  } ],
  "inactiveAssets" : [ ],
  "data" : { },
  "uuid" : "fc1e37e8-fc2e-4b27-b091-b9218f47eeae",
  "type" : "page"
}