{
    "dashboard" : {
      "prefix": "my",
      "name": "Crisil",
      "windowTitle": "Crisil Dashboard",
      "copyrightHtml": "&copy; Copyright 2019 Crisil rating system. All rights reserved.",
      "search": "Search",
      "admin": "Administration"
    },
    "tabs" : {
        "all": "All Mandates",
        "mandates": "Mandates",
        "createMandates": "Mandates Created",
        "originated": "Originated",
        "rejected": "Rejected"
    },
    "buttons" : {
        "newMandate": "New Mandate",
        "bulkMandate": "Bulk Mandate",
        "configureColumns": "Configure Columns"
    }
}
