{
  "designerVersion" : "1.6.40",
  "id" : "customSchedulerCalendar",
  "name" : "SchedulerCalendar",
  "lastUpdate" : 1526654998450,
  "template" : "<!-- The custom widget template is defined here\n   - You can use standard HTML tags and AngularJS built-in directives, scope and interpolation system\n   - Custom widget properties defined on the right can be used as variables in a templates with properties.newProperty\n   - Functions exposed in the controller can be used with ctrl.newFunction()\n   - You can use the 'environment' property injected in the scope when inside the Editor whiteboard. It allows to define a mockup\n     of the Custom Widget to be displayed in the whiteboard only. By default the widget is represented by an auto-generated icon\n     and its name (See the <span> below).\n-->\n <div style=\"margin-left:150px;\">\n<script type=\"text/ng-template\" id=\"modalReservationContent.html\">\n        <div class=\"modal-header\">\n            <h3>  Shuttle Request </h3>\n        </div>\n        <form ng-submit=\"submit()\">\n          <div class=\"modal-body\">\n            Name : {{ vehicle.vehicleName }} </br>\n            Start: {{ vehicle.startDate }}</br>\n            End: {{vehicle.endDate}}</br>\n            Destination :  {{ vehicle.destination }} </br>\n            Two-Way Trip : {{ vehicle.twoWayTrip }} </br>\n            {{ vehicle.wheelchairAccessibility}}  Require Wheelchair Accessibility </br>\n            {{ vehicle.totalPassengersAlloted }}  Passengers </br>\n            Pending Approval {{ vehicle.isApproved}} ({{vehicle.startDate}})   \n          </div>\n          <div class=\"modal-footer\">\n              <button class=\"btn btn-warning\" ng-click=\"cancel()\">Cancel Reservation</button>\n              <input type=\"submit\" class=\"btn primary-btn\" value=\"Edit Reservation\" />\n          </div>\n        </form>\n    </script>\n\n</div>\n<div>\n    <div class=\"row\">\n        <div class=\"col-md-12\">\n            <div id=\"calendar\" ui-calendar=\"uiConfig.calendar\" ng-model=\"eventSources\" calendar=\"myCalendar\"></div>\n        </div>\n    </div>\n</div>",
  "controller" : "/**\r\n * The controller is a JavaScript function that augments the AngularJS scope and exposes functions that can be used in the custom widget template\r\n * \r\n * Custom widget properties defined on the right can be used as variables in a controller with $scope.properties\r\n * To use AngularJS standard services, you must declare them in the main function arguments.\r\n * \r\n * You can leave the controller empty if you do not need it.\r\n */\r\nfunction ($scope, $http, uiCalendarConfig,$modal,$templateCache,$log) {\r\n    \r\n \r\n   //$scope.SelectedEvent = null;\r\n    var isFirstTime = true;\r\n    $scope.events = [];\r\n        $scope.eventSources = [$scope.events];\r\n        $scope.SelectedEvent={};\r\n$scope.vehicle ={};\r\n \r\n  $http.get(\"http://localhost:9090/bonita/API/bdm/businessData/com.demo.company.AmerenShuttleScheduler?q=find&p=0&c=10\")\r\n                .success(function(data, status, headers, config){\r\n                    console.log(\"SUCCESSSSSSS data\", data);\r\n                     console.log(\"SUCCESSSSSSS data 33333333333\", data.length);\r\n                    var sampledata = JSON.stringify(data);\r\n                   \r\n        console.log(\"SUCCESSSSSSS sampledata length \", sampledata.length);\r\n       \r\n  \r\n \r\n    $scope.events.slice(0, $scope.events.length);\r\n       for(var i=0;i<data.length;i++)\r\n         {\r\n             var value =data[i]; \r\n            var dt  = new Date(value.startDate);\r\n            console.log('value.startDate zzzzzzzzzzzzzzzzz '+value.startDate);\r\n            console.log('value.startDate zzzzzzzzzzzzzzzzz '+dt);\r\n            var colorDisplay='';\r\n            value.startTime = dt.getHours() + \" :  \" + dt.getMinutes() +\" \" + (dt.getHours() >= 12 ? 'pm' : 'am');\r\n           if( parseInt(value.totalPassengersAlloted) < parseInt(value.capacity) ){\r\n               if(angular.equals(value.isApproved, \"approved\")){\r\n                   colorDisplay=\"green\";\r\n               }else{\r\n                   colorDisplay=\"blue\";\r\n               }\r\n               \r\n           }else{\r\n               colorDisplay = 'yellow';\r\n           }\r\n           // console.log('111111111111111111111');\r\n            $scope.events.push({\r\n                id: value.persistenceId,\r\n                title: value.startTime+\" \"+ value.vehicleName,\r\n                start: new Date(value.startDate),\r\n                end: new Date(value.returnDate),\r\n                allDay : false,\r\n                color:colorDisplay,\r\n                stick: true\r\n            });\r\n        }\r\n        console.log('2222222222222222222222222222222222');\r\n       console.log(\"events \"+JSON.stringify($scope.eventSources));\r\n        \r\n    //configure calendar\r\n    $scope.uiConfig = {\r\n        calendar: {\r\n            height: 450,\r\n            editable: true,\r\n            displayEventTime: false,\r\n            header: {\r\n                left: 'month basicWeek basicDay',\r\n                center: 'title',\r\n                right:'today prev,next'\r\n            },\r\n            eventClick: function (event) {\r\n               console.log('9999999999999999999999999999999999');\r\n                var vehicleId = event.id;\r\n                console.log('vechilce id '+vehicleId);\r\n                for(var j=0;j<data.length;j++){\r\n                    var v = data[j];\r\n                    if( angular.equals(vehicleId,v.persistenceId) ){\r\n                       $scope.SelectedEvent = v; \r\n                       break;\r\n                    }\r\n                }\r\n                 console.log('sssssssssssssssssssssssssssss'+JSON.stringify($scope.SelectedEvent));\r\n               // console.log('selected event '+$scope.SelectedEvent);\r\n        $modal.open({\r\n            templateUrl: 'modalReservationContent.html' , // loads the template\r\n            backdrop: true, // setting backdrop allows us to close the modal window on clicking outside the modal window\r\n            windowClass: 'modal', // windowClass - additional CSS class(es) to be added to a modal window template\r\n            controller: function ($scope, $modalInstance, $log, SelectedEvent) {\r\n                $scope.vehicle =SelectedEvent;\r\n                console.log('$scope.vehicle  '+ JSON.stringify($scope.vehicle) );\r\n                $scope.submit = function () {\r\n                    $log.log('Submiting user info.'); // kinda console logs this statement\r\n                    $log.log(vehicle); \r\n                    $modalInstance.dismiss('cancel'); // dismiss(reason) - a method that can be used to dismiss a modal, passing a reason\r\n                }\r\n                $scope.cancel = function () {\r\n                    $modalInstance.dismiss('cancel'); \r\n                };\r\n            },\r\n            resolve: {\r\n                SelectedEvent: function () {\r\n                    return  $scope.SelectedEvent;\r\n                }\r\n            }\r\n        });//end of modal.open\r\n            },\r\n            eventAfterAllRender: function () {\r\n                console.log('ggggggggggggggggggggg'+$scope.events.length);\r\n                if ($scope.events.length > 0 && isFirstTime) {\r\n                    //Focus first event\r\n                    uiCalendarConfig.calendars.myCalendar.fullCalendar('gotoDate', $scope.events[0].start);\r\n                    isFirstTime = false;\r\n                }\r\n            }\r\n        }\r\n    };\r\n                }).error(function(data, status, headers, config){\r\n        console.log(\"FAILEDDDDDDD\");\r\n      \r\n     \r\n                });\r\n   \r\n   \r\n \r\n    \r\n}",
  "custom" : true,
  "properties" : [ {
    "label" : "vehicleinfo1",
    "name" : "vehicleinfo1",
    "type" : "text",
    "bond" : "variable"
  } ],
  "assets" : [ {
    "id" : "44b5fe10-2809-4494-920a-751987af5d2e",
    "name" : "calendar.js",
    "type" : "js",
    "order" : 8,
    "external" : false
  }, {
    "id" : "e5fc7072-2621-4fd4-b6b2-7f2284f83a1f",
    "name" : "http://netdna.bootstrapcdn.com/bootstrap/3.0.0/css/bootstrap.min.css",
    "type" : "css",
    "order" : 11,
    "external" : true
  }, {
    "id" : "bfe29a55-151f-47e9-b502-e5dba5748d62",
    "name" : "angular.js",
    "type" : "js",
    "order" : 7,
    "external" : false
  }, {
    "id" : "fafd540b-c14a-4ca9-be98-374d4919b5ab",
    "name" : "fullcalendar.css",
    "type" : "css",
    "order" : 1,
    "external" : false
  }, {
    "id" : "011b6f37-10ed-40f3-82a7-1789a7813016",
    "name" : "jquery-1.11.3.js",
    "type" : "js",
    "order" : 3,
    "external" : false
  }, {
    "id" : "c96e1b43-6ae0-44e3-8af4-63b0eb99a94d",
    "name" : "http://netdna.bootstrapcdn.com/twitter-bootstrap/2.3.1/css/bootstrap-combined.min.css",
    "type" : "css",
    "order" : 12,
    "external" : true
  }, {
    "id" : "33fd160f-5a36-4e53-b8a9-bb48d651cdad",
    "name" : "http://angular-ui.github.io/bootstrap/ui-bootstrap-tpls-0.7.0.js",
    "type" : "js",
    "order" : 9,
    "external" : true
  }, {
    "id" : "f7085b3f-25dc-4734-bcb2-e2d80cebf2e2",
    "name" : "fullcalendar.js",
    "type" : "js",
    "order" : 5,
    "external" : false
  }, {
    "id" : "997d0c2d-82c6-4640-b8ac-e721347bdec1",
    "name" : "gcal.js",
    "type" : "js",
    "order" : 6,
    "external" : false
  }, {
    "id" : "bba18a7a-0cfe-41bd-bb5e-eefbe341e498",
    "name" : "moment.js",
    "type" : "js",
    "order" : 4,
    "external" : false
  } ],
  "requiredModules" : [ "ui.bootstrap", "ui.calendar" ],
  "type" : "widget",
  "hasHelp" : false
}