{
  "designerVersion" : "1.7.49",
  "id" : "initPersonForm",
  "name" : "initPersonForm",
  "lastUpdate" : 1533131253619,
  "rows" : [ [ {
    "type" : "fragment",
    "dimension" : {
      "xs" : 12,
      "sm" : 12,
      "md" : 12,
      "lg" : 12
    },
    "propertyValues" : {
      "cssClasses" : {
        "type" : "constant",
        "value" : ""
      },
      "hidden" : {
        "type" : "constant",
        "value" : false
      }
    },
    "reference" : "37be90a1-577a-44a4-bdcd-d635358d5744",
    "id" : "titleFragment",
    "binding" : { }
  } ], [ {
    "type" : "container",
    "dimension" : {
      "xs" : 12,
      "sm" : 12,
      "md" : 12,
      "lg" : 12
    },
    "propertyValues" : {
      "cssClasses" : {
        "type" : "constant",
        "value" : ""
      },
      "hidden" : {
        "type" : "constant",
        "value" : false
      },
      "repeatedCollection" : {
        "type" : "variable",
        "value" : ""
      }
    },
    "reference" : "8f03ce84-f39f-4a63-b6d8-ccd5982faa8f",
    "id" : "pbContainer",
    "rows" : [ [ {
      "type" : "component",
      "dimension" : {
        "xs" : 12,
        "sm" : 12,
        "md" : 12,
        "lg" : 12
      },
      "propertyValues" : {
        "cssClasses" : {
          "type" : "constant",
          "value" : ""
        },
        "hidden" : {
          "type" : "constant",
          "value" : false
        },
        "value" : {
          "type" : "constant",
          "value" : "This is the initial value"
        },
        "color" : {
          "type" : "constant",
          "value" : "RebeccaPurple"
        },
        "background" : {
          "type" : "constant",
          "value" : "Yellow"
        },
        "currentStep" : {
          "type" : "constant",
          "value" : 1
        }
      },
      "reference" : "9623771a-8af4-45df-b185-10db98c27d55",
      "id" : "customProcessFlow"
    } ] ]
  } ], [ {
    "type" : "formContainer",
    "dimension" : {
      "xs" : 12
    },
    "propertyValues" : {
      "cssClasses" : {
        "type" : "constant",
        "value" : "modal.css"
      },
      "hidden" : {
        "type" : "constant",
        "value" : false
      }
    },
    "reference" : "5290eb44-93eb-441b-8a47-50c7760de5cd",
    "id" : "pbFormContainer",
    "container" : {
      "type" : "container",
      "dimension" : {
        "xs" : 12
      },
      "propertyValues" : { },
      "reference" : "a57a728a-15fc-4f63-8e25-05815d3d4b41",
      "id" : "pbContainer",
      "rows" : [ [ {
        "type" : "component",
        "dimension" : {
          "xs" : 12
        },
        "propertyValues" : {
          "labelHidden" : {
            "type" : "constant",
            "value" : false
          },
          "readonly" : {
            "type" : "constant",
            "value" : false
          },
          "level" : {
            "type" : "constant",
            "value" : "Level 4"
          },
          "cssClasses" : {
            "type" : "constant",
            "value" : ""
          },
          "widgetId" : {
            "type" : "constant",
            "value" : "pbTitle"
          },
          "isDisplayed" : {
            "type" : "constant",
            "value" : true
          },
          "label" : {
            "type" : "interpolation"
          },
          "text" : {
            "type" : "interpolation",
            "value" : "The above named and pictured individual has named you as Peer Recommendation. Can you verify the person represented in the photo and named above is the same individual and that you can provide an accurate recommendation?"
          },
          "alignment" : {
            "type" : "constant",
            "value" : "left"
          },
          "class" : {
            "type" : "constant",
            "value" : "org.bonitasoft.web.designer.experimental.parametrizedWidget.TitleWidget"
          },
          "dimension" : {
            "type" : "constant",
            "value" : 12
          },
          "hidden" : {
            "type" : "constant",
            "value" : false
          }
        },
        "reference" : "97a1d92d-85a6-41d0-a94a-8a488640136f",
        "id" : "pbTitle"
      } ], [ {
        "type" : "component",
        "dimension" : {
          "xs" : 12,
          "sm" : 12,
          "md" : 12,
          "lg" : 12
        },
        "propertyValues" : {
          "cssClasses" : {
            "type" : "constant",
            "value" : ""
          },
          "hidden" : {
            "type" : "constant",
            "value" : false
          },
          "disabled" : {
            "type" : "constant",
            "value" : false
          },
          "required" : {
            "type" : "constant",
            "value" : true
          },
          "labelHidden" : {
            "type" : "constant",
            "value" : false
          },
          "label" : {
            "type" : "interpolation",
            "value" : "Select following one option"
          },
          "labelPosition" : {
            "type" : "constant",
            "value" : "top"
          },
          "labelWidth" : {
            "type" : "constant",
            "value" : 4
          },
          "inline" : {
            "type" : "constant",
            "value" : false
          },
          "availableValues" : {
            "type" : "expression",
            "value" : "personStatus"
          },
          "displayedKey" : {
            "type" : "constant",
            "value" : "label"
          },
          "returnedKey" : {
            "type" : "constant",
            "value" : "value"
          },
          "selectedValue" : {
            "type" : "variable",
            "value" : "formInput.recommdationRequestInput.verifyPerson"
          }
        },
        "reference" : "f77911d8-e43e-42c5-be75-e888220d052b",
        "id" : "customRadioButtonWithLink"
      } ], [ {
        "type" : "component",
        "dimension" : {
          "xs" : 12,
          "sm" : 12,
          "md" : 12,
          "lg" : 12
        },
        "propertyValues" : {
          "cssClasses" : {
            "type" : "constant",
            "value" : ""
          },
          "hidden" : {
            "type" : "constant",
            "value" : false
          },
          "value" : {
            "type" : "constant",
            "value" : "Authorization"
          },
          "color" : {
            "type" : "constant",
            "value" : "RebeccaPurple"
          },
          "background" : {
            "type" : "constant",
            "value" : "Yellow"
          },
          "location" : {
            "type" : "constant",
            "value" : "https://sec3ure-training.intellicentrics.com/MSO_SEC3URE/MOCKUP_PeerReview/SEC3URE-CredentialsApp_ProxyAuthorization_FMLastname.pdf"
          }
        },
        "reference" : "081e038c-69fd-48a3-8326-b4a0765ea1d2",
        "id" : "customModelPopupWithPdf"
      } ], [ {
        "type" : "component",
        "dimension" : {
          "xs" : 12
        },
        "propertyValues" : {
          "removeItem" : {
            "type" : "variable"
          },
          "cssClasses" : {
            "type" : "constant",
            "value" : ""
          },
          "widgetId" : {
            "type" : "constant",
            "value" : "pbButton"
          },
          "buttonStyle" : {
            "type" : "constant",
            "value" : "primary"
          },
          "isDisplayed" : {
            "type" : "constant",
            "value" : true
          },
          "label" : {
            "type" : "interpolation",
            "value" : "Submit"
          },
          "dataToSend" : {
            "type" : "expression",
            "value" : "formOutput"
          },
          "labelHidden" : {
            "type" : "constant",
            "value" : false
          },
          "readonly" : {
            "type" : "constant",
            "value" : false
          },
          "collectionPosition" : {
            "type" : "constant"
          },
          "targetUrlOnSuccess" : {
            "type" : "interpolation",
            "value" : ""
          },
          "action" : {
            "type" : "constant",
            "value" : "Start process"
          },
          "collectionToModify" : {
            "type" : "variable"
          },
          "valueToAdd" : {
            "type" : "expression"
          },
          "disabled" : {
            "type" : "expression",
            "value" : "$form.$invalid"
          },
          "alignment" : {
            "type" : "constant",
            "value" : "left"
          },
          "class" : {
            "type" : "constant",
            "value" : "org.bonitasoft.web.designer.experimental.parametrizedWidget.ButtonWidget"
          },
          "dimension" : {
            "type" : "constant",
            "value" : 12
          },
          "hidden" : {
            "type" : "constant",
            "value" : false
          },
          "url" : {
            "type" : "interpolation"
          },
          "dataFromSuccess" : {
            "type" : "variable",
            "value" : "successResponse"
          },
          "dataFromError" : {
            "type" : "variable",
            "value" : ""
          }
        },
        "reference" : "ee18d6cd-6fbe-4f68-b208-b56d5e37c331",
        "id" : "pbButton"
      } ] ]
    }
  } ], [ {
    "type" : "component",
    "dimension" : {
      "xs" : 12,
      "sm" : 12,
      "md" : 12,
      "lg" : 12
    },
    "propertyValues" : {
      "cssClasses" : {
        "type" : "constant",
        "value" : ""
      },
      "hidden" : {
        "type" : "constant",
        "value" : false
      },
      "timeToWait" : {
        "type" : "constant",
        "value" : 500
      },
      "submitButtonSuccessfulResponseValue" : {
        "type" : "expression",
        "value" : "successResponse"
      },
      "numberOfRetries" : {
        "type" : "constant",
        "value" : 8
      },
      "bonitaWebAppName" : {
        "type" : "constant",
        "value" : "bonita"
      },
      "taskId" : {
        "type" : "constant",
        "value" : ""
      },
      "messageDisplayed" : {
        "type" : "constant",
        "value" : "Searching for current user next task in current case"
      }
    },
    "reference" : "7cac7d40-9a90-4526-88ba-44dc63ae5ecd",
    "id" : "customRedirectNextTask"
  } ], [ {
    "type" : "component",
    "dimension" : {
      "xs" : 12,
      "md" : 12,
      "lg" : 12
    },
    "propertyValues" : {
      "cssClasses" : {
        "type" : "constant",
        "value" : ""
      },
      "hidden" : {
        "type" : "constant",
        "value" : true
      },
      "disabled" : {
        "type" : "constant",
        "value" : false
      },
      "required" : {
        "type" : "constant",
        "value" : true
      },
      "labelHidden" : {
        "type" : "constant",
        "value" : false
      },
      "label" : {
        "type" : "interpolation",
        "value" : "Select following one option"
      },
      "labelPosition" : {
        "type" : "constant",
        "value" : "top"
      },
      "labelWidth" : {
        "type" : "constant",
        "value" : 4
      },
      "inline" : {
        "type" : "constant",
        "value" : false
      },
      "availableValues" : {
        "type" : "expression",
        "value" : "personStatus"
      },
      "displayedKey" : {
        "type" : "constant",
        "value" : "label"
      },
      "returnedKey" : {
        "type" : "constant",
        "value" : "value"
      },
      "selectedValue" : {
        "type" : "variable",
        "value" : "formInput.recommdationRequestInput.verifyPerson"
      }
    },
    "reference" : "52d6bb5c-3411-4c41-9935-bb950f331177",
    "id" : "pbRadioButtons"
  } ] ],
  "assets" : [ {
    "id" : "68c12020-eaac-4a88-a975-7252e163aecc",
    "name" : "doctor.jpg",
    "type" : "img",
    "order" : 1,
    "external" : false
  }, {
    "id" : "4f057593-8e1b-44fd-a328-289b5d534664",
    "name" : "IC-logo.svg",
    "type" : "img",
    "order" : 2,
    "external" : false
  }, {
    "id" : "b9ae838e-ab49-4077-b610-0a1b74ea0e37",
    "name" : "doctor.png",
    "type" : "img",
    "order" : 5,
    "external" : false
  }, {
    "id" : "05a77233-c8f7-4bf5-b5a9-9831c440a647",
    "name" : "style.css",
    "type" : "css",
    "order" : 0,
    "external" : false
  }, {
    "id" : "761c945b-a511-40de-866c-411f567cb2ae",
    "name" : "Logo.png",
    "type" : "img",
    "order" : 6,
    "external" : false
  }, {
    "id" : "8664b4bf-7cb4-4d56-8517-f2964ce749f4",
    "name" : "modal.css",
    "type" : "css",
    "order" : 3,
    "external" : false
  }, {
    "id" : "d60c7e65-88ed-4c83-aab6-ed78605e4b15",
    "name" : "IC_tag_logo_whitetxt_rgb.png",
    "type" : "img",
    "order" : 4,
    "external" : false
  } ],
  "inactiveAssets" : [ "8664b4bf-7cb4-4d56-8517-f2964ce749f4" ],
  "data" : {
    "formInput" : {
      "type" : "json",
      "value" : "{\n  \"recommdationRequestInput\" : {\n    \"verifyPerson\" : \"\"\n  }\n}",
      "exposed" : false
    },
    "formOutput" : {
      "type" : "expression",
      "value" : "return {\n\t'recommdationRequestInput': $data.formInput.recommdationRequestInput\n};",
      "exposed" : false
    },
    "personStatus" : {
      "type" : "json",
      "value" : "[\n    {\"label\":\"Yes\",\n    \"value\":\"yes\"\n        \n    },\n     {\"label\":\"Yes. Name is same but not photo\",\n    \"value\":\"yesNot\"\n        \n    },\n      {\"label\":\"Yes. But I have limited information\",\n    \"value\":\"yesLimited\"\n        \n    },\n      {\"label\":\"I have doubts. Contact me directly\",\n    \"value\":\"noDoubts\"\n        \n    },\n    {\"label\":\"No. This is not the same individual\",\n    \"value\":\"no\"\n        \n    }\n    ]",
      "exposed" : false
    },
    "successResponse" : {
      "type" : "constant",
      "exposed" : false
    },
    "context" : {
      "type" : "url",
      "value" : "../API/bpm/userTask/{{taskId}}/context",
      "exposed" : false
    },
    "taskId" : {
      "type" : "urlparameter",
      "value" : "id",
      "exposed" : false
    },
    "flowNode" : {
      "type" : "url",
      "value" : "../API/bpm/flowNode/{{taskId}}",
      "exposed" : false
    }
  },
  "uuid" : "93015b37-3127-436d-b357-1bcf733521b3",
  "type" : "form"
}