{
  "designerVersion" : "1.9.61",
  "id" : "solarPRDashboard",
  "name" : "solarPRDashboard",
  "lastUpdate" : 1582043911985,
  "rows" : [ [ {
    "type" : "container",
    "dimension" : {
      "xs" : 12,
      "sm" : 12,
      "md" : 12,
      "lg" : 12
    },
    "propertyValues" : {
      "cssClasses" : {
        "type" : "constant",
        "value" : ""
      },
      "hidden" : {
        "type" : "constant",
        "value" : false
      },
      "repeatedCollection" : {
        "type" : "variable",
        "value" : ""
      }
    },
    "reference" : "427a6959-6cd7-49ef-bec9-50a95c194219",
    "hasValidationError" : false,
    "id" : "pbContainer",
    "rows" : [ [ {
      "type" : "component",
      "dimension" : {
        "xs" : 12,
        "sm" : 12,
        "md" : 12,
        "lg" : 12
      },
      "propertyValues" : {
        "cssClasses" : {
          "type" : "constant",
          "value" : ""
        },
        "hidden" : {
          "type" : "constant",
          "value" : false
        },
        "EmployeeList" : {
          "type" : "variable",
          "value" : "emplist"
        },
        "SelectedRow" : {
          "type" : "variable",
          "value" : "selectedrow"
        }
      },
      "reference" : "ca83e719-7be9-4ee3-b85d-edb0aaa4eee2",
      "hasValidationError" : false,
      "id" : "customSolarBearTable"
    } ] ]
  } ], [ {
    "type" : "component",
    "dimension" : {
      "xs" : 12,
      "sm" : 12,
      "md" : 12,
      "lg" : 12
    },
    "propertyValues" : {
      "cssClasses" : {
        "type" : "constant",
        "value" : ""
      },
      "hidden" : {
        "type" : "constant",
        "value" : false
      },
      "labelHidden" : {
        "type" : "constant",
        "value" : true
      },
      "label" : {
        "type" : "interpolation",
        "value" : "Default label"
      },
      "labelPosition" : {
        "type" : "constant",
        "value" : "top"
      },
      "labelWidth" : {
        "type" : "constant",
        "value" : 4
      },
      "allowHTML" : {
        "type" : "constant",
        "value" : true
      },
      "text" : {
        "type" : "interpolation",
        "value" : "{{selectedrow}}"
      },
      "alignment" : {
        "type" : "constant",
        "value" : "left"
      }
    },
    "reference" : "612bc4f2-500c-4931-bd58-ac240a06f094",
    "hasValidationError" : false,
    "id" : "pbText"
  } ] ],
  "assets" : [ {
    "id" : "077c6999-f5c2-4063-93ea-70f3f314f91d",
    "name" : "style.css",
    "type" : "css",
    "order" : 0,
    "external" : false
  }, {
    "id" : "6ab8e1b6-b207-471b-84f5-c859ce7c7b6f",
    "name" : "localization.json",
    "type" : "json",
    "order" : 0,
    "external" : false
  } ],
  "inactiveAssets" : [ ],
  "data" : {
    "emplist" : {
      "type" : "expression",
      "value" : "return [\r\n        {\r\n            \"plant\": \"1821\",\r\n            \"reqDate\": \"03.10.2019\",\r\n            \"purchReq\": \"10394745\",\r\n            \"Chngd\": \"28.09.2019\",\r\n            \"releaseDate\": \"08.10.2019\",\r\n            \"matlGroup\": \"R0000A003\",\r\n            \"shortText\": \"ACETIC ANHYDRIDE\",\r\n            \"Quantity\": \"16,000\"\r\n        },\r\n        {\r\n            \"plant\": \"1821\",\r\n            \"reqDate\": \"23.12.2019\",\r\n            \"purchReq\": \"10403725\",\r\n            \"Chngd\": \"28.09.2019\",\r\n            \"releaseDate\": \"03.01.2019\",\r\n            \"matlGroup\": \"R0000H002\",\r\n            \"shortText\": \"HEXAMINE\",\r\n            \"Quantity\": \"7,000\"\r\n        },\r\n        {\r\n            \"plant\": \"1821\",\r\n            \"reqDate\": \"23.12.2019\",\r\n            \"purchReq\": \"10403725\",\r\n            \"Chngd\": \"28.09.2019\",\r\n            \"releaseDate\": \"03.01.2019\",\r\n            \"matlGroup\": \"R0000P005\",\r\n            \"shortText\": \"PARAFORMALDEHYDE\",\r\n            \"Quantity\": \"1,500\"\r\n        },\r\n        {\r\n            \"plant\": \"1821\",\r\n            \"reqDate\": \"01.03.2019\",\r\n            \"purchReq\": \"10412754\",\r\n            \"Chngd\": \"28.09.2019\",\r\n            \"releaseDate\": \"08.03.2019\",\r\n            \"matlGroup\": \"R0000A001\",\r\n            \"shortText\": \"ACETIC ACID\",\r\n            \"Quantity\": \"100,000\"\r\n        },\r\n        {\r\n            \"plant\": \"1821\",\r\n            \"reqDate\": \"04.06.2019\",\r\n            \"purchReq\": \"10427279\",\r\n            \"Chngd\": \"28.09.2019\",\r\n            \"releaseDate\": \"13.06.2019\",\r\n            \"matlGroup\": \"R0000A003\",\r\n            \"shortText\": \"ACETIC ANHYDRIDE\",\r\n            \"Quantity\": \"240,000\"\r\n        },\r\n        {\r\n            \"plant\": \"1821\",\r\n            \"reqDate\": \"04.06.2019\",\r\n            \"purchReq\": \"10427279\",\r\n            \"Chngd\": \"28.09.2019\",\r\n            \"releaseDate\": \"13.06.2019\",\r\n            \"matlGroup\": \"R0000H002\",\r\n            \"shortText\": \"HEXAMINE\",\r\n            \"Quantity\": \"28,000\"\r\n        },\r\n        {\r\n            \"plant\": \"1821\",\r\n            \"reqDate\": \"27.11.2019\",\r\n            \"purchReq\": \"10435878\",\r\n            \"Chngd\": \"27.11.2019\",\r\n            \"releaseDate\": \"13.12.2019\",\r\n            \"matlGroup\": \"R0000D012\",\r\n            \"shortText\": \"Di Ethylene Glycol\",\r\n            \"Quantity\": \"400\"\r\n        },\r\n        {\r\n            \"plant\": \"1821\",\r\n            \"reqDate\": \"10.12.2019\",\r\n            \"purchReq\": \"10436372\",\r\n            \"Chngd\": \"10.12.2019\",\r\n            \"releaseDate\": \"18.12.2019\",\r\n            \"matlGroup\": \"R0000I001\",\r\n            \"shortText\": \"IPA\",\r\n            \"Quantity\": \"2,000\"\r\n        },\r\n        {\r\n            \"plant\": \"1826\",\r\n            \"reqDate\": \"02.01.2020\",\r\n            \"purchReq\": \"10437376\",\r\n            \"Chngd\": \"02.01.2020\",\r\n            \"releaseDate\": \"30.01.2020\",\r\n            \"matlGroup\": \"R0000S006\",\r\n            \"shortText\": \"SODIUM NITRITE (NX)-TEST\",\r\n            \"Quantity\": \"10\"\r\n        },\r\n        {\r\n            \"plant\": \"1826\",\r\n            \"reqDate\": \"02.01.2020\",\r\n            \"purchReq\": \"10437377\",\r\n            \"Chngd\": \"02.01.2020\",\r\n            \"releaseDate\": \"30.01.2020\",\r\n            \"matlGroup\": \"R0000A009\",\r\n            \"shortText\": \"A.N.MELT-Test\",\r\n            \"Quantity\": \"3,006.03\"\r\n        },\r\n        {\r\n            \"plant\": \"1826\",\r\n            \"reqDate\": \"02.01.2020\",\r\n            \"purchReq\": \"10437378\",\r\n            \"Chngd\": \"02.01.2020\",\r\n            \"releaseDate\": \"30.01.2020\",\r\n            \"matlGroup\": \"R0000A009\",\r\n            \"shortText\": \"A.N.Crystalline(Converted from AN)-TEST\",\r\n            \"Quantity\": \"474.186\"\r\n        },\r\n        {\r\n            \"plant\": \"1826\",\r\n            \"reqDate\": \"02.01.2020\",\r\n            \"purchReq\": \"10437379\",\r\n            \"Chngd\": \"02.01.2020\",\r\n            \"releaseDate\": \"30.01.2020\",\r\n            \"matlGroup\": \"R0000S018\",\r\n            \"shortText\": \"SULPHAMIC ACID-TEST\",\r\n            \"Quantity\": \"4.482\"\r\n        },\r\n        {\r\n            \"plant\": \"1826\",\r\n            \"reqDate\": \"02.01.2020\",\r\n            \"purchReq\": \"10437380\",\r\n            \"Chngd\": \"02.01.2020\",\r\n            \"releaseDate\": \"30.01.2020\",\r\n            \"matlGroup\": \"R0000F004\",\r\n            \"shortText\": \"FURNACE OIL (Kg)-TEST\",\r\n            \"Quantity\": \"268.868\"\r\n        },\r\n        {\r\n            \"plant\": \"1821\",\r\n            \"reqDate\": \"04.01.2020\",\r\n            \"purchReq\": \"10437381\",\r\n            \"Chngd\": \"04.01.2020\",\r\n            \"releaseDate\": \"13.01.2020\",\r\n            \"matlGroup\": \"R0000A009\",\r\n            \"shortText\": \"A.N.MELT\",\r\n            \"Quantity\": \"7,864,941.87\"\r\n        },\r\n        {\r\n            \"plant\": \"1821\",\r\n            \"reqDate\": \"04.01.2020\",\r\n            \"purchReq\": \"10437381\",\r\n            \"Chngd\": \"04.01.2020\",\r\n            \"releaseDate\": \"13.01.2020\",\r\n            \"matlGroup\": \"R0000A009\",\r\n            \"shortText\": \"A.N.DRY (UNCOATED / OPTIFORM)\",\r\n            \"Quantity\": \"4,172,653.62\"\r\n        },\r\n        {\r\n            \"plant\": \"1821\",\r\n            \"reqDate\": \"04.01.2020\",\r\n            \"purchReq\": \"10437381\",\r\n            \"Chngd\": \"04.01.2020\",\r\n            \"releaseDate\": \"13.01.2020\",\r\n            \"matlGroup\": \"R0000A009\",\r\n            \"shortText\": \"A.N.Crystalline(Converted from A.N.MELT)\",\r\n            \"Quantity\": \"881,903.17\"\r\n        },\r\n        {\r\n            \"plant\": \"1821\",\r\n            \"reqDate\": \"04.01.2020\",\r\n            \"purchReq\": \"10437381\",\r\n            \"Chngd\": \"04.01.2020\",\r\n            \"releaseDate\": \"13.01.2020\",\r\n            \"matlGroup\": \"R0000C009\",\r\n            \"shortText\": \"C.N. MELT 60 %\",\r\n            \"Quantity\": \"1,820,874.40\"\r\n        },\r\n        {\r\n            \"plant\": \"1821\",\r\n            \"reqDate\": \"04.01.2020\",\r\n            \"purchReq\": \"10437381\",\r\n            \"Chngd\": \"04.01.2020\",\r\n            \"releaseDate\": \"13.01.2020\",\r\n            \"matlGroup\": \"R0000S005\",\r\n            \"shortText\": \"SODIUM NITRATE (SN)\",\r\n            \"Quantity\": \"49,329.28\"\r\n        },\r\n        {\r\n            \"plant\": \"1821\",\r\n            \"reqDate\": \"04.01.2020\",\r\n            \"purchReq\": \"10437381\",\r\n            \"Chngd\": \"04.01.2020\",\r\n            \"releaseDate\": \"13.01.2020\",\r\n            \"matlGroup\": \"R0000S019\",\r\n            \"shortText\": \"SULPHUR\",\r\n            \"Quantity\": \"1,516,089.50\"\r\n        },\r\n        {\r\n            \"plant\": \"1821\",\r\n            \"reqDate\": \"04.01.2020\",\r\n            \"purchReq\": \"10437381\",\r\n            \"Chngd\": \"04.01.2020\",\r\n            \"releaseDate\": \"13.01.2020\",\r\n            \"matlGroup\": \"R0000M004\",\r\n            \"shortText\": \"MEZZ STARCH\",\r\n            \"Quantity\": \"382,234.50\"\r\n        },\r\n        {\r\n            \"plant\": \"1821\",\r\n            \"reqDate\": \"04.01.2020\",\r\n            \"purchReq\": \"10437381\",\r\n            \"Chngd\": \"04.01.2020\",\r\n            \"releaseDate\": \"13.01.2020\",\r\n            \"matlGroup\": \"R0000A005\",\r\n            \"shortText\": \"ALUMINIUM POWDER FLAKE\",\r\n            \"Quantity\": \"250,201\"\r\n        },\r\n        {\r\n            \"plant\": \"1821\",\r\n            \"reqDate\": \"04.01.2020\",\r\n            \"purchReq\": \"10437381\",\r\n            \"Chngd\": \"04.01.2020\",\r\n            \"releaseDate\": \"13.01.2020\",\r\n            \"matlGroup\": \"R0000A005\",\r\n            \"shortText\": \"ALUMINIUM POWDER ATOMISED PURITY MIN 98%\",\r\n            \"Quantity\": \"147,894.49\"\r\n        },\r\n        {\r\n            \"plant\": \"1821\",\r\n            \"reqDate\": \"04.01.2020\",\r\n            \"purchReq\": \"10437381\",\r\n            \"Chngd\": \"04.01.2020\",\r\n            \"releaseDate\": \"13.01.2020\",\r\n            \"matlGroup\": \"R0000G001\",\r\n            \"shortText\": \"GUAR GUM (OXIDISED)\",\r\n            \"Quantity\": \"44,918.90\"\r\n        },\r\n        {\r\n            \"plant\": \"1821\",\r\n            \"reqDate\": \"04.01.2020\",\r\n            \"purchReq\": \"10437381\",\r\n            \"Chngd\": \"04.01.2020\",\r\n            \"releaseDate\": \"13.01.2020\",\r\n            \"matlGroup\": \"R0000A018\",\r\n            \"shortText\": \"HIGUM 673\",\r\n            \"Quantity\": \"96,389.90\"\r\n        },\r\n        {\r\n            \"plant\": \"1821\",\r\n            \"reqDate\": \"04.01.2020\",\r\n            \"purchReq\": \"10437381\",\r\n            \"Chngd\": \"04.01.2020\",\r\n            \"releaseDate\": \"13.01.2020\",\r\n            \"matlGroup\": \"R0000T002\",\r\n            \"shortText\": \"THIOUREA\",\r\n            \"Quantity\": \"16,388.40\"\r\n        },\r\n        {\r\n            \"plant\": \"1821\",\r\n            \"reqDate\": \"04.01.2020\",\r\n            \"purchReq\": \"10437381\",\r\n            \"Chngd\": \"04.01.2020\",\r\n            \"releaseDate\": \"13.01.2020\",\r\n            \"matlGroup\": \"R0000S001\",\r\n            \"shortText\": \"S.H.M.P.\",\r\n            \"Quantity\": \"4,503.38\"\r\n        },\r\n        {\r\n            \"plant\": \"1821\",\r\n            \"reqDate\": \"04.01.2020\",\r\n            \"purchReq\": \"10437381\",\r\n            \"Chngd\": \"04.01.2020\",\r\n            \"releaseDate\": \"13.01.2020\",\r\n            \"matlGroup\": \"R0000S004\",\r\n            \"shortText\": \"SODIUM DICHROMATE\",\r\n            \"Quantity\": \"4,704.60\"\r\n        },\r\n        {\r\n            \"plant\": \"1821\",\r\n            \"reqDate\": \"04.01.2020\",\r\n            \"purchReq\": \"10437381\",\r\n            \"Chngd\": \"04.01.2020\",\r\n            \"releaseDate\": \"13.01.2020\",\r\n            \"matlGroup\": \"R0000S030\",\r\n            \"shortText\": \"SALT\",\r\n            \"Quantity\": \"58,190\"\r\n        },\r\n        {\r\n            \"plant\": \"1821\",\r\n            \"reqDate\": \"04.01.2020\",\r\n            \"purchReq\": \"10437381\",\r\n            \"Chngd\": \"04.01.2020\",\r\n            \"releaseDate\": \"13.01.2020\",\r\n            \"matlGroup\": \"R0000P004\",\r\n            \"shortText\": \"PARAFFIN OIL (LL)\",\r\n            \"Quantity\": \"4.08\"\r\n        },\r\n        {\r\n            \"plant\": \"1821\",\r\n            \"reqDate\": \"04.01.2020\",\r\n            \"purchReq\": \"10437381\",\r\n            \"Chngd\": \"04.01.2020\",\r\n            \"releaseDate\": \"13.01.2020\",\r\n            \"matlGroup\": \"R0000W001\",\r\n            \"shortText\": \"PARAFFIN WAX\",\r\n            \"Quantity\": \"165,327.21\"\r\n        },\r\n        {\r\n            \"plant\": \"1821\",\r\n            \"reqDate\": \"04.01.2020\",\r\n            \"purchReq\": \"10437381\",\r\n            \"Chngd\": \"04.01.2020\",\r\n            \"releaseDate\": \"13.01.2020\",\r\n            \"matlGroup\": \"R0000W001\",\r\n            \"shortText\": \"SLACK WAX\",\r\n            \"Quantity\": \"115,133.52\"\r\n        },\r\n        {\r\n            \"plant\": \"1821\",\r\n            \"reqDate\": \"04.01.2020\",\r\n            \"purchReq\": \"10437381\",\r\n            \"Chngd\": \"04.01.2020\",\r\n            \"releaseDate\": \"13.01.2020\",\r\n            \"matlGroup\": \"R0000W001\",\r\n            \"shortText\": \"M.C.WAX\",\r\n            \"Quantity\": \"2,589.59\"\r\n        },\r\n        {\r\n            \"plant\": \"1821\",\r\n            \"reqDate\": \"04.01.2020\",\r\n            \"purchReq\": \"10437381\",\r\n            \"Chngd\": \"04.01.2020\",\r\n            \"releaseDate\": \"13.01.2020\",\r\n            \"matlGroup\": \"R0000P008\",\r\n            \"shortText\": \"POLY ISO BUTENE (PIB)\",\r\n            \"Quantity\": \"3,209.94\"\r\n        },\r\n        {\r\n            \"plant\": \"1821\",\r\n            \"reqDate\": \"04.01.2020\",\r\n            \"purchReq\": \"10437381\",\r\n            \"Chngd\": \"04.01.2020\",\r\n            \"releaseDate\": \"13.01.2020\",\r\n            \"matlGroup\": \"R0000R007\",\r\n            \"shortText\": \"RUBBER COMPOUND (N.R.L)\",\r\n            \"Quantity\": \"677.5\"\r\n        },\r\n        {\r\n            \"plant\": \"1821\",\r\n            \"reqDate\": \"04.01.2020\",\r\n            \"purchReq\": \"10437381\",\r\n            \"Chngd\": \"04.01.2020\",\r\n            \"releaseDate\": \"13.01.2020\",\r\n            \"matlGroup\": \"R0000H005\",\r\n            \"shortText\": \"HEAVY OIL\",\r\n            \"Quantity\": \"200,652.82\"\r\n        },\r\n        {\r\n            \"plant\": \"1821\",\r\n            \"reqDate\": \"04.01.2020\",\r\n            \"purchReq\": \"10437381\",\r\n            \"Chngd\": \"04.01.2020\",\r\n            \"releaseDate\": \"13.01.2020\",\r\n            \"matlGroup\": \"R0000D004\",\r\n            \"shortText\": \"D.E.A. (IN GI DRUMS)\",\r\n            \"Quantity\": \"10,592.11\"\r\n        },\r\n        {\r\n            \"plant\": \"1821\",\r\n            \"reqDate\": \"04.01.2020\",\r\n            \"purchReq\": \"10437381\",\r\n            \"Chngd\": \"04.01.2020\",\r\n            \"releaseDate\": \"13.01.2020\",\r\n            \"matlGroup\": \"R0000F004\",\r\n            \"shortText\": \"FURNACE OIL (Kg)\",\r\n            \"Quantity\": \"63,788\"\r\n        },\r\n        {\r\n            \"plant\": \"1821\",\r\n            \"reqDate\": \"04.01.2020\",\r\n            \"purchReq\": \"10437381\",\r\n            \"Chngd\": \"04.01.2020\",\r\n            \"releaseDate\": \"13.01.2020\",\r\n            \"matlGroup\": \"R0000R001\",\r\n            \"shortText\": \"RHODAMINE RED DYE\",\r\n            \"Quantity\": \"27.686\"\r\n        },\r\n        {\r\n            \"plant\": \"1821\",\r\n            \"reqDate\": \"04.01.2020\",\r\n            \"purchReq\": \"10437381\",\r\n            \"Chngd\": \"04.01.2020\",\r\n            \"releaseDate\": \"13.01.2020\",\r\n            \"matlGroup\": \"R0000E001\",\r\n            \"shortText\": \"EMDILITE DM-45\",\r\n            \"Quantity\": \"695.625\"\r\n        },\r\n        {\r\n            \"plant\": \"1832\",\r\n            \"reqDate\": \"28.01.2020\",\r\n            \"purchReq\": \"10438685\",\r\n            \"Chngd\": \"28.01.2020\",\r\n            \"releaseDate\": \"30.01.2020\",\r\n            \"matlGroup\": \"R0000A009\",\r\n            \"shortText\": \"A.N.Crystalline(Converted from A.N.MELT)\",\r\n            \"Quantity\": \"74,013,108.68\"\r\n        },\r\n        {\r\n            \"plant\": \"1832\",\r\n            \"reqDate\": \"28.01.2020\",\r\n            \"purchReq\": \"10438686\",\r\n            \"Chngd\": \"28.01.2020\",\r\n            \"releaseDate\": \"30.01.2020\",\r\n            \"matlGroup\": \"R0000C009\",\r\n            \"shortText\": \"CALCIUM NITRATE MELT\",\r\n            \"Quantity\": \"10,018,774.29\"\r\n        },\r\n        {\r\n            \"plant\": \"1832\",\r\n            \"reqDate\": \"28.01.2020\",\r\n            \"purchReq\": \"10438687\",\r\n            \"Chngd\": \"28.01.2020\",\r\n            \"releaseDate\": \"30.01.2020\",\r\n            \"matlGroup\": \"R0000S018\",\r\n            \"shortText\": \"SULPHAMIC ACID\",\r\n            \"Quantity\": \"1,843.43\"\r\n        },\r\n        {\r\n            \"plant\": \"1832\",\r\n            \"reqDate\": \"28.01.2020\",\r\n            \"purchReq\": \"10438689\",\r\n            \"Chngd\": \"28.01.2020\",\r\n            \"releaseDate\": \"30.01.2020\",\r\n            \"matlGroup\": \"R0000S009\",\r\n            \"shortText\": \"SORBITAN MONO OLEATE (SMO)\",\r\n            \"Quantity\": \"1,121,185.25\"\r\n        },\r\n        {\r\n            \"plant\": \"1832\",\r\n            \"reqDate\": \"28.01.2020\",\r\n            \"purchReq\": \"10438690\",\r\n            \"Chngd\": \"28.01.2020\",\r\n            \"releaseDate\": \"30.01.2020\",\r\n            \"matlGroup\": \"R0000F004\",\r\n            \"shortText\": \"FURNACE OIL (Kg)\",\r\n            \"Quantity\": \"3,968,291.87\"\r\n        },\r\n        {\r\n            \"plant\": \"1832\",\r\n            \"reqDate\": \"28.01.2020\",\r\n            \"purchReq\": \"10438695\",\r\n            \"Chngd\": \"28.01.2020\",\r\n            \"releaseDate\": \"30.01.2020\",\r\n            \"matlGroup\": \"R0000A009\",\r\n            \"shortText\": \"A.N.MELT\",\r\n            \"Quantity\": \"218,202\"\r\n        },\r\n        {\r\n            \"plant\": \"1832\",\r\n            \"reqDate\": \"28.01.2020\",\r\n            \"purchReq\": \"10438696\",\r\n            \"Chngd\": \"28.01.2020\",\r\n            \"releaseDate\": \"30.01.2020\",\r\n            \"matlGroup\": \"R0000A009\",\r\n            \"shortText\": \"A.N.MELT\",\r\n            \"Quantity\": \"537,300\"\r\n        },\r\n        {\r\n            \"plant\": \"1832\",\r\n            \"reqDate\": \"28.01.2020\",\r\n            \"purchReq\": \"10438697\",\r\n            \"Chngd\": \"28.01.2020\",\r\n            \"releaseDate\": \"30.01.2020\",\r\n            \"matlGroup\": \"R0000A009\",\r\n            \"shortText\": \"A.N.MELT\",\r\n            \"Quantity\": \"521,000\"\r\n        },\r\n        {\r\n            \"plant\": \"1832\",\r\n            \"reqDate\": \"28.01.2020\",\r\n            \"purchReq\": \"10438698\",\r\n            \"Chngd\": \"28.01.2020\",\r\n            \"releaseDate\": \"30.01.2020\",\r\n            \"matlGroup\": \"R0000A009\",\r\n            \"shortText\": \"A.N.MELT\",\r\n            \"Quantity\": \"483,500\"\r\n        },\r\n        {\r\n            \"plant\": \"1832\",\r\n            \"reqDate\": \"28.01.2020\",\r\n            \"purchReq\": \"10438699\",\r\n            \"Chngd\": \"28.01.2020\",\r\n            \"releaseDate\": \"30.01.2020\",\r\n            \"matlGroup\": \"R0000A009\",\r\n            \"shortText\": \"A.N.MELT\",\r\n            \"Quantity\": \"662,878\"\r\n        },\r\n        {\r\n            \"plant\": \"1832\",\r\n            \"reqDate\": \"28.01.2020\",\r\n            \"purchReq\": \"10438700\",\r\n            \"Chngd\": \"28.01.2020\",\r\n            \"releaseDate\": \"30.01.2020\",\r\n            \"matlGroup\": \"R0000A009\",\r\n            \"shortText\": \"A.N.MELT\",\r\n            \"Quantity\": \"248,500\"\r\n        },\r\n        {\r\n            \"plant\": \"1832\",\r\n            \"reqDate\": \"28.01.2020\",\r\n            \"purchReq\": \"10438701\",\r\n            \"Chngd\": \"28.01.2020\",\r\n            \"releaseDate\": \"30.01.2020\",\r\n            \"matlGroup\": \"R0000A009\",\r\n            \"shortText\": \"A.N.MELT\",\r\n            \"Quantity\": \"243,000\"\r\n        },\r\n        {\r\n            \"plant\": \"1832\",\r\n            \"reqDate\": \"28.01.2020\",\r\n            \"purchReq\": \"10438702\",\r\n            \"Chngd\": \"28.01.2020\",\r\n            \"releaseDate\": \"30.01.2020\",\r\n            \"matlGroup\": \"R0000A009\",\r\n            \"shortText\": \"A.N.MELT\",\r\n            \"Quantity\": \"2\"\r\n        },\r\n        {\r\n            \"plant\": \"1832\",\r\n            \"reqDate\": \"28.01.2020\",\r\n            \"purchReq\": \"10438703\",\r\n            \"Chngd\": \"28.01.2020\",\r\n            \"releaseDate\": \"30.01.2020\",\r\n            \"matlGroup\": \"R0000A009\",\r\n            \"shortText\": \"A.N.MELT\",\r\n            \"Quantity\": \"27,100\"\r\n        },\r\n        {\r\n            \"plant\": \"1832\",\r\n            \"reqDate\": \"28.01.2020\",\r\n            \"purchReq\": \"10438704\",\r\n            \"Chngd\": \"28.01.2020\",\r\n            \"releaseDate\": \"30.01.2020\",\r\n            \"matlGroup\": \"R0000A009\",\r\n            \"shortText\": \"A.N.MELT\",\r\n            \"Quantity\": \"100,000\"\r\n        },\r\n        {\r\n            \"plant\": \"1832\",\r\n            \"reqDate\": \"28.01.2020\",\r\n            \"purchReq\": \"10438705\",\r\n            \"Chngd\": \"28.01.2020\",\r\n            \"releaseDate\": \"30.01.2020\",\r\n            \"matlGroup\": \"R0000A009\",\r\n            \"shortText\": \"A.N.MELT\",\r\n            \"Quantity\": \"133,144\"\r\n        },\r\n        {\r\n            \"plant\": \"1832\",\r\n            \"reqDate\": \"28.01.2020\",\r\n            \"purchReq\": \"10438706\",\r\n            \"Chngd\": \"28.01.2020\",\r\n            \"releaseDate\": \"30.01.2020\",\r\n            \"matlGroup\": \"R0000A009\",\r\n            \"shortText\": \"A.N.MELT\",\r\n            \"Quantity\": \"54,500\"\r\n        },\r\n        {\r\n            \"plant\": \"1832\",\r\n            \"reqDate\": \"28.01.2020\",\r\n            \"purchReq\": \"10438707\",\r\n            \"Chngd\": \"28.01.2020\",\r\n            \"releaseDate\": \"30.01.2020\",\r\n            \"matlGroup\": \"R0000A009\",\r\n            \"shortText\": \"A.N.MELT\",\r\n            \"Quantity\": \"166,000\"\r\n        },\r\n        {\r\n            \"plant\": \"1832\",\r\n            \"reqDate\": \"28.01.2020\",\r\n            \"purchReq\": \"10438708\",\r\n            \"Chngd\": \"28.01.2020\",\r\n            \"releaseDate\": \"30.01.2020\",\r\n            \"matlGroup\": \"R0000A009\",\r\n            \"shortText\": \"A.N.MELT\",\r\n            \"Quantity\": \"9,649,300\"\r\n        },\r\n        {\r\n            \"plant\": \"1832\",\r\n            \"reqDate\": \"28.01.2020\",\r\n            \"purchReq\": \"10438709\",\r\n            \"Chngd\": \"28.01.2020\",\r\n            \"releaseDate\": \"30.01.2020\",\r\n            \"matlGroup\": \"R0000A009\",\r\n            \"shortText\": \"A.N.MELT\",\r\n            \"Quantity\": \"288,810\"\r\n        },\r\n        {\r\n            \"plant\": \"1832\",\r\n            \"reqDate\": \"28.01.2020\",\r\n            \"purchReq\": \"10438710\",\r\n            \"Chngd\": \"28.01.2020\",\r\n            \"releaseDate\": \"30.01.2020\",\r\n            \"matlGroup\": \"R0000A009\",\r\n            \"shortText\": \"A.N.MELT\",\r\n            \"Quantity\": \"237,350\"\r\n        },\r\n        {\r\n            \"plant\": \"1832\",\r\n            \"reqDate\": \"28.01.2020\",\r\n            \"purchReq\": \"10438711\",\r\n            \"Chngd\": \"28.01.2020\",\r\n            \"releaseDate\": \"30.01.2020\",\r\n            \"matlGroup\": \"R0000A009\",\r\n            \"shortText\": \"A.N.MELT\",\r\n            \"Quantity\": \"227,500\"\r\n        },\r\n        {\r\n            \"plant\": \"1832\",\r\n            \"reqDate\": \"28.01.2020\",\r\n            \"purchReq\": \"10438712\",\r\n            \"Chngd\": \"28.01.2020\",\r\n            \"releaseDate\": \"30.01.2020\",\r\n            \"matlGroup\": \"R0000A009\",\r\n            \"shortText\": \"A.N.MELT\",\r\n            \"Quantity\": \"160,200\"\r\n        },\r\n        {\r\n            \"plant\": \"1832\",\r\n            \"reqDate\": \"28.01.2020\",\r\n            \"purchReq\": \"10438713\",\r\n            \"Chngd\": \"28.01.2020\",\r\n            \"releaseDate\": \"30.01.2020\",\r\n            \"matlGroup\": \"R0000A009\",\r\n            \"shortText\": \"A.N.MELT\",\r\n            \"Quantity\": \"67,678\"\r\n        },\r\n        {\r\n            \"plant\": \"1832\",\r\n            \"reqDate\": \"28.01.2020\",\r\n            \"purchReq\": \"10438714\",\r\n            \"Chngd\": \"28.01.2020\",\r\n            \"releaseDate\": \"30.01.2020\",\r\n            \"matlGroup\": \"R0000A009\",\r\n            \"shortText\": \"A.N.MELT\",\r\n            \"Quantity\": \"174,500\"\r\n        },\r\n        {\r\n            \"plant\": \"1832\",\r\n            \"reqDate\": \"28.01.2020\",\r\n            \"purchReq\": \"10438715\",\r\n            \"Chngd\": \"28.01.2020\",\r\n            \"releaseDate\": \"30.01.2020\",\r\n            \"matlGroup\": \"R0000A009\",\r\n            \"shortText\": \"A.N.MELT\",\r\n            \"Quantity\": \"315,211\"\r\n        },\r\n        {\r\n            \"plant\": \"1832\",\r\n            \"reqDate\": \"28.01.2020\",\r\n            \"purchReq\": \"10438716\",\r\n            \"Chngd\": \"28.01.2020\",\r\n            \"releaseDate\": \"30.01.2020\",\r\n            \"matlGroup\": \"R0000A009\",\r\n            \"shortText\": \"A.N.MELT\",\r\n            \"Quantity\": \"30,573\"\r\n        },\r\n        {\r\n            \"plant\": \"1832\",\r\n            \"reqDate\": \"28.01.2020\",\r\n            \"purchReq\": \"10438717\",\r\n            \"Chngd\": \"28.01.2020\",\r\n            \"releaseDate\": \"30.01.2020\",\r\n            \"matlGroup\": \"R0000A009\",\r\n            \"shortText\": \"A.N.MELT\",\r\n            \"Quantity\": \"3,566\"\r\n        },\r\n        {\r\n            \"plant\": \"1832\",\r\n            \"reqDate\": \"28.01.2020\",\r\n            \"purchReq\": \"10438718\",\r\n            \"Chngd\": \"28.01.2020\",\r\n            \"releaseDate\": \"30.01.2020\",\r\n            \"matlGroup\": \"R0000A009\",\r\n            \"shortText\": \"A.N.MELT\",\r\n            \"Quantity\": \"334,233\"\r\n        },\r\n        {\r\n            \"plant\": \"1832\",\r\n            \"reqDate\": \"28.01.2020\",\r\n            \"purchReq\": \"10438719\",\r\n            \"Chngd\": \"28.01.2020\",\r\n            \"releaseDate\": \"30.01.2020\",\r\n            \"matlGroup\": \"R0000A009\",\r\n            \"shortText\": \"A.N.MELT\",\r\n            \"Quantity\": \"12,000\"\r\n        },\r\n        {\r\n            \"plant\": \"1832\",\r\n            \"reqDate\": \"28.01.2020\",\r\n            \"purchReq\": \"10438720\",\r\n            \"Chngd\": \"28.01.2020\",\r\n            \"releaseDate\": \"30.01.2020\",\r\n            \"matlGroup\": \"R0000A009\",\r\n            \"shortText\": \"A.N.MELT\",\r\n            \"Quantity\": \"378,000\"\r\n        },\r\n        {\r\n            \"plant\": \"1832\",\r\n            \"reqDate\": \"28.01.2020\",\r\n            \"purchReq\": \"10438721\",\r\n            \"Chngd\": \"28.01.2020\",\r\n            \"releaseDate\": \"30.01.2020\",\r\n            \"matlGroup\": \"R0000A009\",\r\n            \"shortText\": \"A.N.MELT\",\r\n            \"Quantity\": \"189,052.41\"\r\n        },\r\n        {\r\n            \"plant\": \"1832\",\r\n            \"reqDate\": \"28.01.2020\",\r\n            \"purchReq\": \"10438725\",\r\n            \"Chngd\": \"28.01.2020\",\r\n            \"releaseDate\": \"30.01.2020\",\r\n            \"matlGroup\": \"R0000F002\",\r\n            \"shortText\": \"FORMALDEHYDE\",\r\n            \"Quantity\": \"19,940.38\"\r\n        },\r\n        {\r\n            \"plant\": \"1832\",\r\n            \"reqDate\": \"28.01.2020\",\r\n            \"purchReq\": \"10438726\",\r\n            \"Chngd\": \"28.01.2020\",\r\n            \"releaseDate\": \"30.01.2020\",\r\n            \"matlGroup\": \"R0000S006\",\r\n            \"shortText\": \"SODIUM NITRITE (NX)\",\r\n            \"Quantity\": \"73,044.60\"\r\n        },\r\n        {\r\n            \"plant\": \"1834\",\r\n            \"reqDate\": \"29.01.2020\",\r\n            \"purchReq\": \"10439083\",\r\n            \"Chngd\": \"29.01.2020\",\r\n            \"releaseDate\": \"29.01.2020\",\r\n            \"matlGroup\": \"R0000F002\",\r\n            \"shortText\": \"FORMALDEHYDE\",\r\n            \"Quantity\": \"12,206.13\"\r\n        },\r\n        {\r\n            \"plant\": \"1834\",\r\n            \"reqDate\": \"29.01.2020\",\r\n            \"purchReq\": \"10439084\",\r\n            \"Chngd\": \"29.01.2020\",\r\n            \"releaseDate\": \"29.01.2020\",\r\n            \"matlGroup\": \"R0000S006\",\r\n            \"shortText\": \"SODIUM NITRITE (NX)\",\r\n            \"Quantity\": \"17,287.19\"\r\n        },\r\n        {\r\n            \"plant\": \"1831\",\r\n            \"reqDate\": \"30.01.2020\",\r\n            \"purchReq\": \"10439105\",\r\n            \"Chngd\": \"30.01.2020\",\r\n            \"releaseDate\": \"30.01.2020\",\r\n            \"matlGroup\": \"R0000F002\",\r\n            \"shortText\": \"FORMALDEHYDE\",\r\n            \"Quantity\": \"158,214\"\r\n        },\r\n        {\r\n            \"plant\": \"1831\",\r\n            \"reqDate\": \"30.01.2020\",\r\n            \"purchReq\": \"10439106\",\r\n            \"Chngd\": \"30.01.2020\",\r\n            \"releaseDate\": \"30.01.2020\",\r\n            \"matlGroup\": \"R0000F002\",\r\n            \"shortText\": \"FORMALDEHYDE\",\r\n            \"Quantity\": \"2,500\"\r\n        },\r\n        {\r\n            \"plant\": \"1831\",\r\n            \"reqDate\": \"30.01.2020\",\r\n            \"purchReq\": \"10439107\",\r\n            \"Chngd\": \"30.01.2020\",\r\n            \"releaseDate\": \"30.01.2020\",\r\n            \"matlGroup\": \"R0000S006\",\r\n            \"shortText\": \"SODIUM NITRITE (NX)\",\r\n            \"Quantity\": \"237,346\"\r\n        },\r\n        {\r\n            \"plant\": \"1831\",\r\n            \"reqDate\": \"30.01.2020\",\r\n            \"purchReq\": \"10439108\",\r\n            \"Chngd\": \"30.01.2020\",\r\n            \"releaseDate\": \"30.01.2020\",\r\n            \"matlGroup\": \"R0000S006\",\r\n            \"shortText\": \"SODIUM NITRITE (NX)\",\r\n            \"Quantity\": \"3,750\"\r\n        },\r\n        {\r\n            \"plant\": \"1828\",\r\n            \"reqDate\": \"30.01.2020\",\r\n            \"purchReq\": \"10439112\",\r\n            \"Chngd\": \"30.01.2020\",\r\n            \"releaseDate\": \"30.01.2020\",\r\n            \"matlGroup\": \"R0000F002\",\r\n            \"shortText\": \"FORMALDEHYDE\",\r\n            \"Quantity\": \"1,940\"\r\n        },\r\n        {\r\n            \"plant\": \"1828\",\r\n            \"reqDate\": \"30.01.2020\",\r\n            \"purchReq\": \"10439113\",\r\n            \"Chngd\": \"30.01.2020\",\r\n            \"releaseDate\": \"30.01.2020\",\r\n            \"matlGroup\": \"R0000F002\",\r\n            \"shortText\": \"FORMALDEHYDE\",\r\n            \"Quantity\": \"86,065.43\"\r\n        },\r\n        {\r\n            \"plant\": \"1828\",\r\n            \"reqDate\": \"30.01.2020\",\r\n            \"purchReq\": \"10439114\",\r\n            \"Chngd\": \"30.01.2020\",\r\n            \"releaseDate\": \"30.01.2020\",\r\n            \"matlGroup\": \"R0000F002\",\r\n            \"shortText\": \"FORMALDEHYDE\",\r\n            \"Quantity\": \"993.8\"\r\n        },\r\n        {\r\n            \"plant\": \"1828\",\r\n            \"reqDate\": \"30.01.2020\",\r\n            \"purchReq\": \"10439117\",\r\n            \"Chngd\": \"30.01.2020\",\r\n            \"releaseDate\": \"30.01.2020\",\r\n            \"matlGroup\": \"R0000S006\",\r\n            \"shortText\": \"SODIUM NITRITE (NX)\",\r\n            \"Quantity\": \"1,125\"\r\n        },\r\n        {\r\n            \"plant\": \"1828\",\r\n            \"reqDate\": \"30.01.2020\",\r\n            \"purchReq\": \"10439118\",\r\n            \"Chngd\": \"30.01.2020\",\r\n            \"releaseDate\": \"30.01.2020\",\r\n            \"matlGroup\": \"R0000S006\",\r\n            \"shortText\": \"SODIUM NITRITE (NX)\",\r\n            \"Quantity\": \"129,098.14\"\r\n        },\r\n        {\r\n            \"plant\": \"1828\",\r\n            \"reqDate\": \"30.01.2020\",\r\n            \"purchReq\": \"10439119\",\r\n            \"Chngd\": \"30.01.2020\",\r\n            \"releaseDate\": \"30.01.2020\",\r\n            \"matlGroup\": \"R0000S006\",\r\n            \"shortText\": \"SODIUM NITRITE (NX)\",\r\n            \"Quantity\": \"1,490.70\"\r\n        },\r\n        {\r\n            \"plant\": \"1836\",\r\n            \"reqDate\": \"31.01.2020\",\r\n            \"purchReq\": \"10439259\",\r\n            \"Chngd\": \"31.01.2020\",\r\n            \"releaseDate\": \"31.01.2020\",\r\n            \"matlGroup\": \"R0000F002\",\r\n            \"shortText\": \"FORMALDEHYDE\",\r\n            \"Quantity\": \"3,670.55\"\r\n        },\r\n        {\r\n            \"plant\": \"1836\",\r\n            \"reqDate\": \"31.01.2020\",\r\n            \"purchReq\": \"10439260\",\r\n            \"Chngd\": \"31.01.2020\",\r\n            \"releaseDate\": \"31.01.2020\",\r\n            \"matlGroup\": \"R0000F002\",\r\n            \"shortText\": \"FORMALDEHYDE\",\r\n            \"Quantity\": \"8,850.25\"\r\n        },\r\n        {\r\n            \"plant\": \"1836\",\r\n            \"reqDate\": \"31.01.2020\",\r\n            \"purchReq\": \"10439261\",\r\n            \"Chngd\": \"31.01.2020\",\r\n            \"releaseDate\": \"31.01.2020\",\r\n            \"matlGroup\": \"R0000S006\",\r\n            \"shortText\": \"SODIUM NITRITE (NX)\",\r\n            \"Quantity\": \"4,128.32\"\r\n        },\r\n        {\r\n            \"plant\": \"1836\",\r\n            \"reqDate\": \"31.01.2020\",\r\n            \"purchReq\": \"10439262\",\r\n            \"Chngd\": \"31.01.2020\",\r\n            \"releaseDate\": \"31.01.2020\",\r\n            \"matlGroup\": \"R0000S006\",\r\n            \"shortText\": \"SODIUM NITRITE (NX)\",\r\n            \"Quantity\": \"13,275.38\"\r\n        },\r\n        {\r\n            \"plant\": \"1840\",\r\n            \"reqDate\": \"07.02.2020\",\r\n            \"purchReq\": \"10439599\",\r\n            \"Chngd\": \"07.02.2020\",\r\n            \"releaseDate\": \"28.02.2020\",\r\n            \"matlGroup\": \"R0000A009\",\r\n            \"shortText\": \"Porus Prill Amonium Nitrate (PPAN)\",\r\n            \"Quantity\": \"0.025\"\r\n        },\r\n        {\r\n            \"plant\": \"1840\",\r\n            \"reqDate\": \"07.02.2020\",\r\n            \"purchReq\": \"10439600\",\r\n            \"Chngd\": \"07.02.2020\",\r\n            \"releaseDate\": \"28.02.2020\",\r\n            \"matlGroup\": \"R0000A009\",\r\n            \"shortText\": \"A.N.Crystalline(Converted from A.N.MELT)\",\r\n            \"Quantity\": \"154,259.70\"\r\n        },\r\n        {\r\n            \"plant\": \"1840\",\r\n            \"reqDate\": \"07.02.2020\",\r\n            \"purchReq\": \"10439602\",\r\n            \"Chngd\": \"07.02.2020\",\r\n            \"releaseDate\": \"28.02.2020\",\r\n            \"matlGroup\": \"R0000F003\",\r\n            \"shortText\": \"FURNACE OIL\",\r\n            \"Quantity\": \"4,794.90\"\r\n        },\r\n        {\r\n            \"plant\": \"1840\",\r\n            \"reqDate\": \"07.02.2020\",\r\n            \"purchReq\": \"10439603\",\r\n            \"Chngd\": \"07.02.2020\",\r\n            \"releaseDate\": \"28.02.2020\",\r\n            \"matlGroup\": \"R0000S009\",\r\n            \"shortText\": \"SORBITAN MONO OLEATE (SMO)\",\r\n            \"Quantity\": \"4,977.85\"\r\n        },\r\n        {\r\n            \"plant\": \"1829\",\r\n            \"reqDate\": \"08.02.2020\",\r\n            \"purchReq\": \"10439604\",\r\n            \"Chngd\": \"08.02.2020\",\r\n            \"releaseDate\": \"28.02.2020\",\r\n            \"matlGroup\": \"R0000C009\",\r\n            \"shortText\": \"CALCIUM NITRATE MELT\",\r\n            \"Quantity\": \"113,207.61\"\r\n        },\r\n        {\r\n            \"plant\": \"1829\",\r\n            \"reqDate\": \"08.02.2020\",\r\n            \"purchReq\": \"10439605\",\r\n            \"Chngd\": \"08.02.2020\",\r\n            \"releaseDate\": \"28.02.2020\",\r\n            \"matlGroup\": \"R0000A009\",\r\n            \"shortText\": \"HIGH DENSITY AMMONIUM NITRATE(FERT GR.)\",\r\n            \"Quantity\": \"257,669.58\"\r\n        },\r\n        {\r\n            \"plant\": \"1829\",\r\n            \"reqDate\": \"08.02.2020\",\r\n            \"purchReq\": \"10439606\",\r\n            \"Chngd\": \"08.02.2020\",\r\n            \"releaseDate\": \"28.02.2020\",\r\n            \"matlGroup\": \"R0000F003\",\r\n            \"shortText\": \"FURNACE OIL\",\r\n            \"Quantity\": \"31,918.58\"\r\n        },\r\n        {\r\n            \"plant\": \"1829\",\r\n            \"reqDate\": \"08.02.2020\",\r\n            \"purchReq\": \"10439607\",\r\n            \"Chngd\": \"08.02.2020\",\r\n            \"releaseDate\": \"28.02.2020\",\r\n            \"matlGroup\": \"R0000S009\",\r\n            \"shortText\": \"SORBITAN MONO OLEATE (SMO)\",\r\n            \"Quantity\": \"0.039\"\r\n        },\r\n        {\r\n            \"plant\": \"1829\",\r\n            \"reqDate\": \"08.02.2020\",\r\n            \"purchReq\": \"10439614\",\r\n            \"Chngd\": \"08.02.2020\",\r\n            \"releaseDate\": \"28.02.2020\",\r\n            \"matlGroup\": \"R0000A009\",\r\n            \"shortText\": \"A.N.MELT\",\r\n            \"Quantity\": \"45,500\"\r\n        },\r\n        {\r\n            \"plant\": \"1829\",\r\n            \"reqDate\": \"08.02.2020\",\r\n            \"purchReq\": \"10439615\",\r\n            \"Chngd\": \"08.02.2020\",\r\n            \"releaseDate\": \"28.02.2020\",\r\n            \"matlGroup\": \"R0000A009\",\r\n            \"shortText\": \"A.N.MELT\",\r\n            \"Quantity\": \"53,700\"\r\n        },\r\n        {\r\n            \"plant\": \"1829\",\r\n            \"reqDate\": \"08.02.2020\",\r\n            \"purchReq\": \"10439616\",\r\n            \"Chngd\": \"08.02.2020\",\r\n            \"releaseDate\": \"28.02.2020\",\r\n            \"matlGroup\": \"R0000A009\",\r\n            \"shortText\": \"A.N.MELT\",\r\n            \"Quantity\": \"336,000\"\r\n        },\r\n        {\r\n            \"plant\": \"1829\",\r\n            \"reqDate\": \"08.02.2020\",\r\n            \"purchReq\": \"10439617\",\r\n            \"Chngd\": \"08.02.2020\",\r\n            \"releaseDate\": \"28.02.2020\",\r\n            \"matlGroup\": \"R0000A009\",\r\n            \"shortText\": \"A.N.MELT\",\r\n            \"Quantity\": \"196,613\"\r\n        },\r\n        {\r\n            \"plant\": \"1829\",\r\n            \"reqDate\": \"08.02.2020\",\r\n            \"purchReq\": \"10439618\",\r\n            \"Chngd\": \"08.02.2020\",\r\n            \"releaseDate\": \"28.02.2020\",\r\n            \"matlGroup\": \"R0000A009\",\r\n            \"shortText\": \"A.N.MELT\",\r\n            \"Quantity\": \"557,273\"\r\n        },\r\n        {\r\n            \"plant\": \"1829\",\r\n            \"reqDate\": \"08.02.2020\",\r\n            \"purchReq\": \"10439619\",\r\n            \"Chngd\": \"08.02.2020\",\r\n            \"releaseDate\": \"28.02.2020\",\r\n            \"matlGroup\": \"R0000A009\",\r\n            \"shortText\": \"A.N.MELT\",\r\n            \"Quantity\": \"84,339\"\r\n        },\r\n        {\r\n            \"plant\": \"1829\",\r\n            \"reqDate\": \"08.02.2020\",\r\n            \"purchReq\": \"10439620\",\r\n            \"Chngd\": \"08.02.2020\",\r\n            \"releaseDate\": \"28.02.2020\",\r\n            \"matlGroup\": \"R0000A009\",\r\n            \"shortText\": \"A.N.MELT\",\r\n            \"Quantity\": \"61,500\"\r\n        },\r\n        {\r\n            \"plant\": \"1829\",\r\n            \"reqDate\": \"08.02.2020\",\r\n            \"purchReq\": \"10439621\",\r\n            \"Chngd\": \"08.02.2020\",\r\n            \"releaseDate\": \"28.02.2020\",\r\n            \"matlGroup\": \"R0000A009\",\r\n            \"shortText\": \"A.N.MELT\",\r\n            \"Quantity\": \"111,500\"\r\n        },\r\n        {\r\n            \"plant\": \"1829\",\r\n            \"reqDate\": \"08.02.2020\",\r\n            \"purchReq\": \"10439622\",\r\n            \"Chngd\": \"08.02.2020\",\r\n            \"releaseDate\": \"28.02.2020\",\r\n            \"matlGroup\": \"R0000A009\",\r\n            \"shortText\": \"A.N.MELT\",\r\n            \"Quantity\": \"26,500\"\r\n        },\r\n        {\r\n            \"plant\": \"1829\",\r\n            \"reqDate\": \"08.02.2020\",\r\n            \"purchReq\": \"10439623\",\r\n            \"Chngd\": \"08.02.2020\",\r\n            \"releaseDate\": \"28.02.2020\",\r\n            \"matlGroup\": \"R0000A009\",\r\n            \"shortText\": \"A.N.MELT\",\r\n            \"Quantity\": \"59,500\"\r\n        },\r\n        {\r\n            \"plant\": \"1829\",\r\n            \"reqDate\": \"08.02.2020\",\r\n            \"purchReq\": \"10439624\",\r\n            \"Chngd\": \"08.02.2020\",\r\n            \"releaseDate\": \"28.02.2020\",\r\n            \"matlGroup\": \"R0000A009\",\r\n            \"shortText\": \"A.N.MELT\",\r\n            \"Quantity\": \"1\"\r\n        },\r\n        {\r\n            \"plant\": \"1829\",\r\n            \"reqDate\": \"08.02.2020\",\r\n            \"purchReq\": \"10439625\",\r\n            \"Chngd\": \"08.02.2020\",\r\n            \"releaseDate\": \"28.02.2020\",\r\n            \"matlGroup\": \"R0000A009\",\r\n            \"shortText\": \"A.N.MELT\",\r\n            \"Quantity\": \"947\"\r\n        },\r\n        {\r\n            \"plant\": \"1829\",\r\n            \"reqDate\": \"08.02.2020\",\r\n            \"purchReq\": \"10439626\",\r\n            \"Chngd\": \"08.02.2020\",\r\n            \"releaseDate\": \"28.02.2020\",\r\n            \"matlGroup\": \"R0000A009\",\r\n            \"shortText\": \"A.N.MELT\",\r\n            \"Quantity\": \"9,000\"\r\n        },\r\n        {\r\n            \"plant\": \"1829\",\r\n            \"reqDate\": \"08.02.2020\",\r\n            \"purchReq\": \"10439627\",\r\n            \"Chngd\": \"08.02.2020\",\r\n            \"releaseDate\": \"28.02.2020\",\r\n            \"matlGroup\": \"R0000A009\",\r\n            \"shortText\": \"A.N.MELT\",\r\n            \"Quantity\": \"7,284\"\r\n        },\r\n        {\r\n            \"plant\": \"1829\",\r\n            \"reqDate\": \"08.02.2020\",\r\n            \"purchReq\": \"10439628\",\r\n            \"Chngd\": \"08.02.2020\",\r\n            \"releaseDate\": \"28.02.2020\",\r\n            \"matlGroup\": \"R0000A009\",\r\n            \"shortText\": \"A.N.MELT\",\r\n            \"Quantity\": \"48,263\"\r\n        },\r\n        {\r\n            \"plant\": \"1829\",\r\n            \"reqDate\": \"08.02.2020\",\r\n            \"purchReq\": \"10439629\",\r\n            \"Chngd\": \"08.02.2020\",\r\n            \"releaseDate\": \"28.02.2020\",\r\n            \"matlGroup\": \"R0000A009\",\r\n            \"shortText\": \"A.N.MELT\",\r\n            \"Quantity\": \"0.051\"\r\n        }\r\n    ];\r\n",
      "exposed" : false
    },
    "selectedrow" : {
      "type" : "constant",
      "exposed" : false
    }
  },
  "hasValidationError" : false,
  "uuid" : "60db238f-73b6-49b9-94cb-df518b56a9a2",
  "type" : "page",
  "description" : "Page generated with Bonita UI designer"
}