{
  "designerVersion" : "1.7.59",
  "id" : "customIncludePage",
  "name" : "includePage",
  "lastUpdate" : 1532342564518,
  "template" : "<!--<div class=\"embed-responsive embed-responsive embed-responsive-16by9\">-->\n  <iframe id=\"bonitaframe\" style=\"overflow:hidden;\" class=\"Viewer-frame\" seamless=\"\" width=\"100%\" height=\"2100px\" frameborder=\"0\" src=\"{{ properties.value }}\"></iframe>\n  <!--<iframe class=\"w-100 p-3 embed-responsive-item\" src=\"/bonita/portal/resource/taskInstance/IC%20recommendation/3.1/Step1/content/?id=60022&senderUrl=http://localhost:57744/bonita/#/en/preview/page/ICRecommendationDashBoard?resolution=md\" allowfullscreen></iframe>-->\n<!--</div>-->\n",
  "controller" : "/**\n * The controller is a JavaScript function that augments the AngularJS scope and exposes functions that can be used in the custom widget template\n * \n * Custom widget properties defined on the right can be used as variables in a controller with $scope.properties\n * To use AngularJS standard services, you must declare them in the main function arguments.\n * \n * You can leave the controller empty if you do not need it.\n */\nfunction ($scope) {\n    \n    $scope.backgroudColor = $scope.properties.background;\n    \n}",
  "custom" : true,
  "properties" : [ {
    "label" : "Value",
    "name" : "value",
    "type" : "text",
    "defaultValue" : "This is the initial value",
    "bond" : "expression"
  }, {
    "label" : "Color",
    "name" : "color",
    "type" : "choice",
    "defaultValue" : "RebeccaPurple",
    "choiceValues" : [ "RebeccaPurple", "Chartreuse", "Tomato", "DeepSkyBlue" ],
    "bond" : "expression"
  }, {
    "label" : "Background color on click",
    "name" : "background",
    "type" : "choice",
    "defaultValue" : "Yellow",
    "choiceValues" : [ "Yellow", "LightGray" ],
    "bond" : "expression"
  } ],
  "assets" : [ ],
  "requiredModules" : [ ],
  "type" : "widget",
  "hasHelp" : false
}