{
  "designerVersion" : "1.7.59",
  "id" : "titleFragment",
  "name" : "titleFragment",
  "lastUpdate" : 1532434548439,
  "rows" : [ [ {
    "type" : "container",
    "dimension" : {
      "xs" : 12,
      "sm" : 12,
      "md" : 12,
      "lg" : 12
    },
    "propertyValues" : {
      "cssClasses" : {
        "type" : "constant",
        "value" : ""
      },
      "hidden" : {
        "type" : "constant",
        "value" : false
      },
      "repeatedCollection" : {
        "type" : "variable",
        "value" : ""
      }
    },
    "reference" : "1d54396a-f876-400e-a3a7-a592eae70733",
    "id" : "pbContainer",
    "rows" : [ [ {
      "type" : "component",
      "dimension" : {
        "xs" : 12,
        "sm" : 12,
        "md" : 12,
        "lg" : 12
      },
      "propertyValues" : {
        "cssClasses" : {
          "type" : "constant",
          "value" : ""
        },
        "hidden" : {
          "type" : "constant",
          "value" : false
        },
        "allowHTML" : {
          "type" : "constant",
          "value" : true
        },
        "text" : {
          "type" : "interpolation",
          "value" : "<div class=\"col-sm-8\">\n      <div class=\"row\">\n        <div class=\"col-sm-4\" ><img class=\"media-object\" src=\"assets/img/Logo.png\"></div>\n        <div class=\"col-sm-2\" ><br><a class=\"pull-right\" href=\"#\">? Help</a></div>\n\t\t<div class=\"col-sm-4\"></div>\n      </div>\n\t  <div class=\"row\">\n\t    <div class=\"col-sm-1\" ></div>\n        <div class=\"col-sm-10\" ><h2 class=\"text-warning\">Peer Recommendation </h2></div>\n      </div>\n\t  <div class=\"row\">\n        <div class=\"col-sm-2\"><img class=\"media-object\" src=\"assets/img/doctor.png\"></div>\n        <div class=\"col-sm-5\" ><h3 class=\"text\"> Dr. David Wilson Dentist Flower Mount TX, 75028 </h3></div>\n      </div>\n</div>"
        },
        "alignment" : {
          "type" : "constant",
          "value" : "left"
        }
      },
      "reference" : "d9522219-f76d-4aaf-b173-332cb67610ab",
      "id" : "pbText"
    } ] ]
  } ] ],
  "assets" : [ ],
  "inactiveAssets" : [ ],
  "data" : {
    "test" : {
      "type" : "constant",
      "value" : "dsfdfsdfsdf",
      "exposed" : false
    }
  },
  "type" : "fragment"
}