{
  "designerVersion" : "1.7.49",
  "id" : "verifyPersonForm",
  "name" : "verifyPersonForm",
  "lastUpdate" : 1533130662908,
  "rows" : [ [ {
    "type" : "fragment",
    "dimension" : {
      "xs" : 12,
      "sm" : 12,
      "md" : 12,
      "lg" : 12
    },
    "propertyValues" : {
      "cssClasses" : {
        "type" : "constant",
        "value" : ""
      },
      "hidden" : {
        "type" : "constant",
        "value" : false
      }
    },
    "reference" : "d480e289-66a5-448e-b7a4-57f38f2395f3",
    "id" : "titleFragment",
    "binding" : { }
  } ], [ {
    "type" : "container",
    "dimension" : {
      "xs" : 12,
      "sm" : 12,
      "md" : 12,
      "lg" : 12
    },
    "propertyValues" : {
      "cssClasses" : {
        "type" : "constant",
        "value" : ""
      },
      "hidden" : {
        "type" : "constant",
        "value" : false
      },
      "repeatedCollection" : {
        "type" : "variable",
        "value" : ""
      }
    },
    "reference" : "e958be0b-ff9c-41cf-be76-0e8043ce8b45",
    "id" : "pbContainer",
    "rows" : [ [ {
      "type" : "component",
      "dimension" : {
        "xs" : 12,
        "sm" : 12,
        "md" : 12,
        "lg" : 12
      },
      "propertyValues" : {
        "cssClasses" : {
          "type" : "constant",
          "value" : ""
        },
        "hidden" : {
          "type" : "constant",
          "value" : false
        },
        "value" : {
          "type" : "constant",
          "value" : "This is the initial value"
        },
        "color" : {
          "type" : "constant",
          "value" : "RebeccaPurple"
        },
        "background" : {
          "type" : "constant",
          "value" : "Yellow"
        },
        "currentStep" : {
          "type" : "constant",
          "value" : 1
        }
      },
      "reference" : "2a792cdc-82ff-4b7a-b498-13e5ccde7bb0",
      "id" : "customProcessFlow"
    } ] ]
  } ], [ {
    "type" : "formContainer",
    "dimension" : {
      "xs" : 12
    },
    "propertyValues" : {
      "cssClasses" : {
        "type" : "constant",
        "value" : "modal.css"
      },
      "hidden" : {
        "type" : "constant",
        "value" : false
      }
    },
    "reference" : "2fcba05d-3525-4e20-883d-cd5aebd3a86e",
    "id" : "pbFormContainer",
    "container" : {
      "type" : "container",
      "dimension" : {
        "xs" : 12
      },
      "propertyValues" : { },
      "reference" : "85e6ae6e-e5d0-4b4d-ba99-44596497159c",
      "id" : "pbContainer",
      "rows" : [ [ {
        "type" : "component",
        "dimension" : {
          "xs" : 12
        },
        "propertyValues" : {
          "labelHidden" : {
            "type" : "constant",
            "value" : false
          },
          "readonly" : {
            "type" : "constant",
            "value" : false
          },
          "level" : {
            "type" : "constant",
            "value" : "Level 4"
          },
          "cssClasses" : {
            "type" : "constant",
            "value" : ""
          },
          "widgetId" : {
            "type" : "constant",
            "value" : "pbTitle"
          },
          "isDisplayed" : {
            "type" : "constant",
            "value" : true
          },
          "label" : {
            "type" : "interpolation"
          },
          "text" : {
            "type" : "interpolation",
            "value" : "The above named and pictured individual has named you as Peer Recommendation. Can you verify the person represented in the photo and named above is the same individual and that you can provide an accurate recommendation?"
          },
          "alignment" : {
            "type" : "constant",
            "value" : "left"
          },
          "class" : {
            "type" : "constant",
            "value" : "org.bonitasoft.web.designer.experimental.parametrizedWidget.TitleWidget"
          },
          "dimension" : {
            "type" : "constant",
            "value" : 12
          },
          "hidden" : {
            "type" : "constant",
            "value" : false
          }
        },
        "reference" : "8314d098-cbfb-4491-9a09-5859c7832dc0",
        "id" : "pbTitle"
      } ], [ {
        "type" : "component",
        "dimension" : {
          "xs" : 12,
          "sm" : 12,
          "md" : 12,
          "lg" : 12
        },
        "propertyValues" : {
          "cssClasses" : {
            "type" : "constant",
            "value" : ""
          },
          "hidden" : {
            "type" : "constant",
            "value" : false
          },
          "disabled" : {
            "type" : "constant",
            "value" : false
          },
          "required" : {
            "type" : "constant",
            "value" : true
          },
          "labelHidden" : {
            "type" : "constant",
            "value" : false
          },
          "label" : {
            "type" : "interpolation",
            "value" : "Select following one option"
          },
          "labelPosition" : {
            "type" : "constant",
            "value" : "top"
          },
          "labelWidth" : {
            "type" : "constant",
            "value" : 4
          },
          "inline" : {
            "type" : "constant",
            "value" : false
          },
          "availableValues" : {
            "type" : "expression",
            "value" : "personStatus"
          },
          "displayedKey" : {
            "type" : "constant",
            "value" : "label"
          },
          "returnedKey" : {
            "type" : "constant",
            "value" : "value"
          },
          "selectedValue" : {
            "type" : "variable",
            "value" : "formInput.recommdationRequestInput.verifyPerson"
          }
        },
        "reference" : "ee02fd63-a747-4c75-8471-786b5aba5bdc",
        "id" : "customRadioButtonWithLink"
      } ], [ {
        "type" : "component",
        "dimension" : {
          "xs" : 12,
          "sm" : 12,
          "md" : 12,
          "lg" : 12
        },
        "propertyValues" : {
          "cssClasses" : {
            "type" : "constant",
            "value" : ""
          },
          "hidden" : {
            "type" : "constant",
            "value" : false
          },
          "value" : {
            "type" : "constant",
            "value" : "Authorization"
          },
          "color" : {
            "type" : "constant",
            "value" : "RebeccaPurple"
          },
          "background" : {
            "type" : "constant",
            "value" : "Yellow"
          },
          "location" : {
            "type" : "constant",
            "value" : "https://sec3ure-training.intellicentrics.com/MSO_SEC3URE/MOCKUP_PeerReview/SEC3URE-CredentialsApp_ProxyAuthorization_FMLastname.pdf"
          }
        },
        "reference" : "2cc21999-ae50-479c-9dea-beca47cfad38",
        "id" : "customModelPopupWithPdf"
      } ], [ {
        "type" : "component",
        "dimension" : {
          "xs" : 12
        },
        "propertyValues" : {
          "removeItem" : {
            "type" : "variable"
          },
          "cssClasses" : {
            "type" : "constant",
            "value" : ""
          },
          "widgetId" : {
            "type" : "constant",
            "value" : "pbButton"
          },
          "buttonStyle" : {
            "type" : "constant",
            "value" : "primary"
          },
          "isDisplayed" : {
            "type" : "constant",
            "value" : true
          },
          "label" : {
            "type" : "interpolation",
            "value" : "Submit"
          },
          "dataToSend" : {
            "type" : "expression",
            "value" : "formOutput"
          },
          "labelHidden" : {
            "type" : "constant",
            "value" : false
          },
          "readonly" : {
            "type" : "constant",
            "value" : false
          },
          "collectionPosition" : {
            "type" : "constant"
          },
          "targetUrlOnSuccess" : {
            "type" : "interpolation",
            "value" : ""
          },
          "action" : {
            "type" : "constant",
            "value" : "Submit task"
          },
          "collectionToModify" : {
            "type" : "variable"
          },
          "valueToAdd" : {
            "type" : "expression"
          },
          "disabled" : {
            "type" : "expression",
            "value" : "$form.$invalid"
          },
          "alignment" : {
            "type" : "constant",
            "value" : "left"
          },
          "class" : {
            "type" : "constant",
            "value" : "org.bonitasoft.web.designer.experimental.parametrizedWidget.ButtonWidget"
          },
          "dimension" : {
            "type" : "constant",
            "value" : 12
          },
          "hidden" : {
            "type" : "constant",
            "value" : false
          },
          "url" : {
            "type" : "interpolation"
          },
          "dataFromSuccess" : {
            "type" : "variable",
            "value" : "successResponse"
          },
          "dataFromError" : {
            "type" : "variable",
            "value" : ""
          }
        },
        "reference" : "1a40aa1f-3ce1-41a3-aefa-2fc3b149e7e8",
        "id" : "pbButton"
      } ] ]
    }
  } ], [ {
    "type" : "component",
    "dimension" : {
      "xs" : 12,
      "sm" : 12,
      "md" : 12,
      "lg" : 12
    },
    "propertyValues" : {
      "cssClasses" : {
        "type" : "constant",
        "value" : ""
      },
      "hidden" : {
        "type" : "constant",
        "value" : false
      },
      "timeToWait" : {
        "type" : "constant",
        "value" : 500
      },
      "submitButtonSuccessfulResponseValue" : {
        "type" : "expression",
        "value" : "successResponse"
      },
      "numberOfRetries" : {
        "type" : "constant",
        "value" : 8
      },
      "bonitaWebAppName" : {
        "type" : "constant",
        "value" : "bonita"
      },
      "taskId" : {
        "type" : "expression",
        "value" : "taskId"
      },
      "messageDisplayed" : {
        "type" : "constant",
        "value" : "Searching for current user next task in current case"
      }
    },
    "reference" : "8a550159-ecf4-4bb8-9aae-306b4f8ca8c2",
    "id" : "customRedirectNextTask"
  } ], [ {
    "type" : "component",
    "dimension" : {
      "xs" : 12,
      "md" : 12,
      "lg" : 12
    },
    "propertyValues" : {
      "cssClasses" : {
        "type" : "constant",
        "value" : ""
      },
      "hidden" : {
        "type" : "constant",
        "value" : true
      },
      "disabled" : {
        "type" : "constant",
        "value" : false
      },
      "required" : {
        "type" : "constant",
        "value" : true
      },
      "labelHidden" : {
        "type" : "constant",
        "value" : false
      },
      "label" : {
        "type" : "interpolation",
        "value" : "Select following one option"
      },
      "labelPosition" : {
        "type" : "constant",
        "value" : "top"
      },
      "labelWidth" : {
        "type" : "constant",
        "value" : 4
      },
      "inline" : {
        "type" : "constant",
        "value" : false
      },
      "availableValues" : {
        "type" : "expression",
        "value" : "personStatus"
      },
      "displayedKey" : {
        "type" : "constant",
        "value" : "label"
      },
      "returnedKey" : {
        "type" : "constant",
        "value" : "value"
      },
      "selectedValue" : {
        "type" : "variable",
        "value" : "formInput.recommdationRequestInput.verifyPerson"
      }
    },
    "reference" : "2a3b5f5e-3750-4115-95de-1f8664d9c91c",
    "id" : "pbRadioButtons"
  } ], [ {
    "type" : "component",
    "dimension" : {
      "xs" : 12,
      "sm" : 12,
      "md" : 6,
      "lg" : 6
    },
    "propertyValues" : {
      "cssClasses" : {
        "type" : "constant",
        "value" : ""
      },
      "hidden" : {
        "type" : "constant",
        "value" : false
      },
      "allowHTML" : {
        "type" : "constant",
        "value" : true
      },
      "text" : {
        "type" : "interpolation",
        "value" : ""
      },
      "alignment" : {
        "type" : "constant",
        "value" : "left"
      }
    },
    "reference" : "7e557b32-cdd5-48fc-ac7b-aef7eb2657e7",
    "id" : "pbText"
  } ], [ {
    "type" : "component",
    "dimension" : {
      "xs" : 12,
      "sm" : 12,
      "md" : 12,
      "lg" : 12
    },
    "propertyValues" : {
      "cssClasses" : {
        "type" : "constant",
        "value" : ""
      },
      "hidden" : {
        "type" : "constant",
        "value" : true
      },
      "allowHTML" : {
        "type" : "constant",
        "value" : true
      },
      "text" : {
        "type" : "interpolation",
        "value" : "{{task}}\n<br>\n{{bdmData}}"
      },
      "alignment" : {
        "type" : "constant",
        "value" : "left"
      }
    },
    "reference" : "7b9ea2b6-7d8c-4f83-8a60-3fc405763f3c",
    "id" : "pbText"
  } ] ],
  "assets" : [ {
    "id" : "68c12020-eaac-4a88-a975-7252e163aecc",
    "name" : "doctor.jpg",
    "type" : "img",
    "order" : 1,
    "external" : false
  }, {
    "id" : "4f057593-8e1b-44fd-a328-289b5d534664",
    "name" : "IC-logo.svg",
    "type" : "img",
    "order" : 2,
    "external" : false
  }, {
    "id" : "b9ae838e-ab49-4077-b610-0a1b74ea0e37",
    "name" : "doctor.png",
    "type" : "img",
    "order" : 5,
    "external" : false
  }, {
    "id" : "05a77233-c8f7-4bf5-b5a9-9831c440a647",
    "name" : "style.css",
    "type" : "css",
    "order" : 0,
    "external" : false
  }, {
    "id" : "761c945b-a511-40de-866c-411f567cb2ae",
    "name" : "Logo.png",
    "type" : "img",
    "order" : 6,
    "external" : false
  }, {
    "id" : "8664b4bf-7cb4-4d56-8517-f2964ce749f4",
    "name" : "modal.css",
    "type" : "css",
    "order" : 3,
    "external" : false
  }, {
    "id" : "d60c7e65-88ed-4c83-aab6-ed78605e4b15",
    "name" : "IC_tag_logo_whitetxt_rgb.png",
    "type" : "img",
    "order" : 4,
    "external" : false
  } ],
  "inactiveAssets" : [ "8664b4bf-7cb4-4d56-8517-f2964ce749f4" ],
  "data" : {
    "formInput" : {
      "type" : "expression",
      "value" : "return {\n  \"recommdationRequestInput\" : {\n    \"verifyPerson\" : $data.bdmData[0].verifyPerson\n  }\n}",
      "exposed" : false
    },
    "formOutput" : {
      "type" : "expression",
      "value" : "return {\n\t'recommdationRequestInput': $data.formInput.recommdationRequestInput\n};",
      "exposed" : false
    },
    "personStatus" : {
      "type" : "json",
      "value" : "[\n    {\"label\":\"Yes\",\n    \"value\":\"yes\"\n        \n    },\n     {\"label\":\"Yes. Name is same but not photo\",\n    \"value\":\"yesNot\"\n        \n    },\n      {\"label\":\"Yes. But I have limited information\",\n    \"value\":\"yesLimited\"\n        \n    },\n      {\"label\":\"I have doubts. Contact me directly\",\n    \"value\":\"noDoubts\"\n        \n    },\n    {\"label\":\"No. This is not the same individual\",\n    \"value\":\"no\"\n        \n    }\n    ]",
      "exposed" : false
    },
    "successResponse" : {
      "type" : "constant",
      "exposed" : false
    },
    "context" : {
      "type" : "url",
      "value" : "../API/bpm/userTask/{{taskId}}/context",
      "exposed" : false
    },
    "taskId" : {
      "type" : "urlparameter",
      "value" : "id",
      "exposed" : false
    },
    "flowNode" : {
      "type" : "url",
      "value" : "../API/bpm/flowNode/{{taskId}}",
      "exposed" : false
    },
    "bdmData" : {
      "type" : "url",
      "value" : "../API/bdm/businessData/com.company.model.PeerRecommendation?q=findByProcessInst&p=0&c=10&f=processInst={{task.caseId}}",
      "exposed" : false
    },
    "task" : {
      "type" : "url",
      "value" : "../API/bpm/userTask/{{taskId}}",
      "exposed" : false
    }
  },
  "uuid" : "83562613-050b-4af9-a6a9-65d022f0e572",
  "type" : "form"
}