{
  "designerVersion" : "1.7.59",
  "id" : "testFragment",
  "name" : "testFragment",
  "lastUpdate" : 1532606440321,
  "rows" : [ [ {
    "type" : "fragment",
    "dimension" : {
      "xs" : 12,
      "sm" : 12,
      "md" : 12,
      "lg" : 12
    },
    "propertyValues" : {
      "cssClasses" : {
        "type" : "constant",
        "value" : ""
      },
      "hidden" : {
        "type" : "constant",
        "value" : false
      }
    },
    "reference" : "b3e47a79-198a-43d7-aa34-1b320f929f16",
    "id" : "titleFragment",
    "binding" : { }
  } ], [ {
    "type" : "container",
    "dimension" : {
      "xs" : 12,
      "sm" : 12,
      "md" : 12,
      "lg" : 12
    },
    "propertyValues" : {
      "cssClasses" : {
        "type" : "constant",
        "value" : ""
      },
      "hidden" : {
        "type" : "constant",
        "value" : false
      },
      "repeatedCollection" : {
        "type" : "variable",
        "value" : ""
      }
    },
    "reference" : "dd40c520-22b8-4545-8091-871c0c6ee1b3",
    "id" : "pbContainer",
    "rows" : [ [ {
      "type" : "component",
      "dimension" : {
        "xs" : 12,
        "sm" : 12,
        "md" : 12,
        "lg" : 12
      },
      "propertyValues" : {
        "cssClasses" : {
          "type" : "constant",
          "value" : ""
        },
        "hidden" : {
          "type" : "constant",
          "value" : false
        },
        "value" : {
          "type" : "constant",
          "value" : "This is the initial value"
        },
        "color" : {
          "type" : "constant",
          "value" : "RebeccaPurple"
        },
        "background" : {
          "type" : "constant",
          "value" : "Yellow"
        },
        "currentStep" : {
          "type" : "constant",
          "value" : 1
        }
      },
      "reference" : "73ba9058-1ab4-4a1a-931f-e22ac23e24a4",
      "id" : "customProcessFlow"
    } ] ]
  } ] ],
  "assets" : [ {
    "id" : "477d51b7-6f65-4592-a487-f1dc49a9efa3",
    "name" : "style.css",
    "type" : "css",
    "order" : 0,
    "external" : false
  }, {
    "id" : "c0d471dc-6505-4f42-bff6-be3486df265b",
    "name" : "Logo.png",
    "type" : "img",
    "order" : 2,
    "external" : false
  }, {
    "id" : "419ca122-b3a5-49f5-829d-b32dc1f4ad17",
    "name" : "doctor.png",
    "type" : "img",
    "order" : 1,
    "external" : false
  }, {
    "id" : "dfc83c43-2ff1-41c2-bb0d-792ba864adf7",
    "name" : "localization.json",
    "type" : "json",
    "order" : 0,
    "external" : false
  } ],
  "inactiveAssets" : [ ],
  "data" : { },
  "uuid" : "9e417e20-6db6-443b-a87c-0d439cd54d20",
  "type" : "form"
}