{
  "designerVersion" : "1.6.32",
  "id" : "customSolarBearTable",
  "name" : "solarBearTable",
  "lastUpdate" : 1582279329948,
  "template" : " <!-- The custom widget template is defined here\r\n   - You can use standard HTML tags and AngularJS built-in directives, scope and interpolation system\r\n   - Custom widget properties defined on the right can be used as variables in a templates with properties.newProperty\r\n   - Functions exposed in the controller can be used with ctrl.newFunction()\r\n   - You can use the 'environment' property injected in the scope when inside the Editor whiteboard. It allows to define a mockup\r\n     of the Custom Widget to be displayed in the whiteboard only. By default the widget is represented by an auto-generated icon\r\n     and its name (See the <span> below).\r\n-->\r\n \r\n\r\n<div id=\"GridCustomId\" ui-grid=\"gridOptions\" ui-grid-edit ui-grid-selection ui-grid-cellnav   ui-grid-pagination  style=\"width:1250px;height: 350px\"></div>\r\n        \r\n       \r\n",
  "controller" : "/**\r\n * The controller is a JavaScript function that augments the AngularJS scope and exposes functions that can be used in the custom widget template\r\n * \r\n * Custom widget properties defined on the right can be used as variables in a controller with $scope.properties\r\n * To use AngularJS standard services, you must declare them in the main function arguments.\r\n * \r\n * You can leave the controller empty if you do not need it.\r\n * \r\n * \r\n */\r\nfunction bearTable($scope, $templateCache, $interval, $q, $rootScope, $document, uiGridEditConstants, uiGridConstants) {\r\n\r\n    $templateCache.put('ui-grid/selectionRowHeaderButtons',\r\n        \"<div class=\\\"ui-grid-selection-row-header-buttons \\\" ng-class=\\\"{'ui-grid-row-selected': row.isSelected}\\\" ><input style=\\\"margin: 0; vertical-align: middle\\\" type=\\\"checkbox\\\" ng-model=\\\"row.isSelected\\\" ng-click=\\\"row.isSelected=!row.isSelected;selectButtonClick(row, $event)\\\">&nbsp;</div>\"\r\n    );\r\n\r\n\r\n    $templateCache.put('ui-grid/selectionSelectAllButtons',\r\n        \"<div class=\\\"ui-grid-selection-row-header-buttons \\\" ng-class=\\\"{'ui-grid-all-selected': grid.selection.selectAll}\\\" ng-if=\\\"grid.options.enableSelectAll\\\"><input style=\\\"margin: 0; vertical-align: middle\\\" type=\\\"checkbox\\\" ng-model=\\\"grid.selection.selectAll\\\" ng-click=\\\"grid.selection.selectAll=!grid.selection.selectAll;headerButtonClick($event)\\\"></div>\"\r\n    );\r\n\r\n\r\n    $scope.SelectedRow = [];\r\n\r\n    $scope.gridOptions = {\r\n        enableSorting: true,\r\n        enableFiltering: true,\r\n        enableRowSelection: true,\r\n        multiSelect: false,\r\n        enableSelectAll: true,\r\n        enableColumnMenus: false,\r\n        enableCellEditOnFocus: true,\r\n        enableCellEdit: true,\r\n        paginationPageSizes: [25, 50, 75],\r\n        paginationPageSize: 25,\r\n        columnDefs: [{\r\n                field: 'plant',\r\n                enableCellEdit: true,\r\n                cellTemplate: '<div  ng-if=\"!row.entity.editrow\">{{COL_FIELD}}</div><div ng-if=\"row.entity.editrow\"><input type=\"text\" style=\"height:30px\" ng-model=\"MODEL_COL_FIELD\"</div>'\r\n            },\r\n            {\r\n                field: 'reqDate',\r\n                enableCellEdit: true,\r\n                cellTemplate: '<div  ng-if=\"!row.entity.editrow\">{{COL_FIELD}}</div><div ng-if=\"row.entity.editrow\"><input type=\"text\" style=\"height:30px\" ng-model=\"MODEL_COL_FIELD\"</div>'\r\n            },\r\n            {\r\n                field: 'purchReq',\r\n                enableCellEdit: true,\r\n                cellTemplate: '<div width : \"*\"  ng-if=\"!row.entity.editrow\">{{COL_FIELD}}</div><div ng-if=\"row.entity.editrow\"><input type=\"text\" style=\"height:30px\" ng-model=\"MODEL_COL_FIELD\"</div>'\r\n            },\r\n            {\r\n                field: 'Chngd',\r\n                enableCellEdit: true,\r\n                cellTemplate: '<div  ng-if=\"!row.entity.editrow\">{{COL_FIELD}}</div><div ng-if=\"row.entity.editrow\"><input type=\"text\" style=\"height:30px\" ng-model=\"MODEL_COL_FIELD\"</div>'\r\n            },\r\n            {\r\n                field: 'releaseDate',\r\n                enableCellEdit: true,\r\n                cellTemplate: '<div width : \"*\"  ng-if=\"!row.entity.editrow\">{{COL_FIELD}}</div><div ng-if=\"row.entity.editrow\"><input type=\"text\" style=\"height:30px\" ng-model=\"MODEL_COL_FIELD\"</div>'\r\n            },\r\n            {\r\n                field: 'matlGroup',\r\n                enableCellEdit: true,\r\n                cellTemplate: '<div  ng-if=\"!row.entity.editrow\">{{COL_FIELD}}</div><div ng-if=\"row.entity.editrow\"><input type=\"text\" style=\"height:30px\" ng-model=\"MODEL_COL_FIELD\"</div>'\r\n            },\r\n            {\r\n                field: 'shortText',\r\n                width: \"200\",\r\n                enableCellEdit: true,\r\n                cellTemplate: '<div  ng-if=\"!row.entity.editrow\">{{COL_FIELD}}</div><div ng-if=\"row.entity.editrow\"><input type=\"text\" style=\"height:30px\" ng-model=\"MODEL_COL_FIELD\"</div>'\r\n            },\r\n            {\r\n                field: 'Quantity',\r\n                enableCellEdit: true,\r\n                cellTemplate: '<div  ng-if=\"!row.entity.editrow\">{{COL_FIELD}}</div><div ng-if=\"row.entity.editrow\"><input type=\"text\" style=\"height:30px\" ng-model=\"MODEL_COL_FIELD\"</div>'\r\n            },\r\n            {\r\n                name: 'priority',\r\n                filed: 'priority',\r\n                displayName: 'Priority',\r\n                editableCellTemplate: 'ui-grid/dropdownEditor',\r\n                width: '*',\r\n                editDropdownIdLabel: 'id',\r\n                editDropdownValueLabel: 'priority',\r\n                editDropdownFilter: 'translate',\r\n                editDropdownOptionsArray: [{\r\n                        id: 'high',\r\n                        priority: 'high'\r\n                    },\r\n                    {\r\n                        id: 'medium',\r\n                        priority: 'medium'\r\n                    },\r\n                    {\r\n                        id: 'low',\r\n                        priority: 'low'\r\n                    }\r\n                ]\r\n            },\r\n            {\r\n                name: 'vendors',\r\n                filed: 'vendors',\r\n                displayName: 'Vendors',\r\n                width: \"200\",\r\n               editableCellTemplate: \"<div><form name=\\\"inputForm\\\"><select ng-class=\\\"'colt' + col.uid\\\" multiple style=\\\"position: absolute;\\\" ui-grid-edit-dropdown ng-model=\\\"MODEL_COL_FIELD\\\" ng-options=\\\"field[editDropdownIdLabel] as field[editDropdownValueLabel] CUSTOM_FILTERS for field in editDropdownOptionsArray\\\"></select></form></div>\",\r\n                editDropdownRowEntityOptionsArrayPath: 'vendorList.options',\r\n                editDropdownIdLabel: 'id',\r\n                editDropdownValueLabel: 'value',\r\n            }\r\n        ],\r\n        onRegisterApi: function(gridApi) {\r\n            $scope.gridApi = gridApi;\r\n            gridApi.selection.on.rowSelectionChanged($scope, function(row) {\r\n                var msg = 'row selected ' + row.isSelected;\r\n                console.log('msg', msg);\r\n                console.log('selected row ', row.entity.plant);\r\n                 $scope.SelectedRow =     { \r\n                                 \"plant\": row.entity.plant,\r\n                                \"reqDate\": row.entity.reqDate,\r\n                                \"purchReq\": row.entity.purchReq,\r\n                                \"Chngd\": row.entity.Chngd,\r\n                                \"releaseDate\": row.entity.releaseDate,\r\n                                \"matlGroup\": row.entity.matlGroup,\r\n                                \"shortText\": row.entity.shortText,\r\n                                \"Quantity\": row.entity.Quantity,\r\n                                \"priority\" : row.entity.priority,\r\n                    \t\t\t\"vendorList\" : row.entity.vendors\r\n                 };\r\n                console.log('222222222222 ',$scope.SelectedRow);\r\n                $scope.properties.SelectedRow =  $scope.SelectedRow;\r\n            });\r\n        }\r\n    };\r\n\r\n    $scope.vendorName = ['v1', 'v2', 'v3'];\r\n    $scope.gridOptions.data = $scope.properties.EmployeeList;\r\n\r\n    $scope.submit = function(row) {\r\n        console.log('submit.....', row);\r\n        console.log('submit.....', row.plant);\r\n    };\r\n\r\n}\r\n\r\n\r\n\r\n",
  "custom" : true,
  "properties" : [ {
    "label" : "List of Employ",
    "name" : "EmployeeList",
    "type" : "text",
    "bond" : "variable"
  }, {
    "label" : "SelectedRow",
    "name" : "SelectedRow",
    "type" : "text",
    "bond" : "variable"
  } ],
  "assets" : [ {
    "id" : "c0d06787-38c8-46d0-8635-fa8cff1410ad",
    "name" : "http://ui-grid.info/docs/grunt-scripts/pdfmake.js",
    "type" : "js",
    "order" : 12,
    "external" : true
  }, {
    "id" : "b59e3f13-25c1-43b1-a3de-38ab377c84cf",
    "name" : "http://ui-grid.info/docs/grunt-scripts/vfs_fonts.js",
    "type" : "js",
    "order" : 13,
    "external" : true
  }, {
    "id" : "dcb1e31e-7d1c-437c-b4d9-bc04c61b8981",
    "name" : "https://cdnjs.cloudflare.com/ajax/libs/xlsx/0.9.12/xlsx.full.min.js",
    "type" : "js",
    "order" : 14,
    "external" : true
  }, {
    "id" : "082e277c-f9da-4c05-bda5-1b8b0594fc01",
    "name" : "http://netdna.bootstrapcdn.com/font-awesome/4.0.3/css/font-awesome.css",
    "type" : "css",
    "order" : 4,
    "external" : true
  }, {
    "id" : "9e4b6ae8-d172-403b-8fcc-402aa697cf5d",
    "name" : "http://ui-grid.info/release/ui-grid.js",
    "type" : "js",
    "order" : 8,
    "external" : true
  }, {
    "id" : "c82cdb38-3d95-4149-bf9d-37e7e5fd4462",
    "name" : "http://ajax.googleapis.com/ajax/libs/angularjs/1.6.4/angular.min.js",
    "type" : "js",
    "order" : 1,
    "external" : true
  }, {
    "id" : "804f3b8e-46df-4c92-8863-d2c5ae7f85a9",
    "name" : "https://cdnjs.cloudflare.com/ajax/libs/angular-ui-bootstrap/1.1.2/ui-bootstrap.js",
    "type" : "js",
    "order" : 5,
    "external" : true
  }, {
    "id" : "56923a52-8982-43fe-8490-d76a3183a5f0",
    "name" : "http://ajax.googleapis.com/ajax/libs/angularjs/1.5.0/angular-touch.js",
    "type" : "js",
    "order" : 9,
    "external" : true
  }, {
    "id" : "6220df43-5a4f-4f5e-a6d2-1ce12d4787c2",
    "name" : "http://ui-grid.info/release/ui-grid.css",
    "type" : "css",
    "order" : 3,
    "external" : true
  }, {
    "id" : "c1f56531-ea78-4fa5-8873-09812e015749",
    "name" : "gridCss.txt",
    "type" : "css",
    "order" : 16,
    "external" : false
  }, {
    "id" : "0595a1b4-6d91-48f5-b067-ad5905e9095f",
    "name" : "https://fastcdn.org/FileSaver.js/1.1.20151003/FileSaver.min.js",
    "type" : "js",
    "order" : 15,
    "external" : true
  }, {
    "id" : "cc0540c7-8cd3-450c-8913-51bd6df6e937",
    "name" : "http://ajax.googleapis.com/ajax/libs/angularjs/1.5.0/angular-animate.js",
    "type" : "js",
    "order" : 10,
    "external" : true
  }, {
    "id" : "430dd28a-49f8-4122-9ec5-2cea971ac498",
    "name" : "https://cdnjs.cloudflare.com/ajax/libs/angular-ui-bootstrap/1.1.2/ui-bootstrap-tpls.js",
    "type" : "js",
    "order" : 6,
    "external" : true
  }, {
    "id" : "ce8a7ca4-dfd7-44be-9a86-533724e118ab",
    "name" : "http://ui-grid.info/docs/grunt-scripts/csv.js",
    "type" : "js",
    "order" : 11,
    "external" : true
  } ],
  "requiredModules" : [ "ui.grid.cellNav", "ui.grid.edit", "ui.grid.pagination", "ui.grid.saveState", "ui.grid.selection", "ui.grid.rowEdit", "ui.grid" ],
  "type" : "widget",
  "hasHelp" : false
}