{
  "designerVersion" : "1.7.59",
  "id" : "BackTestForm2",
  "name" : "BackTestForm2",
  "lastUpdate" : 1533028417481,
  "rows" : [ [ {
    "type" : "container",
    "dimension" : {
      "xs" : 12
    },
    "propertyValues" : { },
    "reference" : "284c3347-b186-4c3d-b750-93e1d322dcee",
    "id" : "pbContainer",
    "rows" : [ [ {
      "type" : "component",
      "dimension" : {
        "md" : 12,
        "sm" : 12,
        "xs" : 12,
        "lg" : 12
      },
      "propertyValues" : {
        "labelHidden" : {
          "type" : "constant",
          "value" : false
        },
        "readonly" : {
          "type" : "constant",
          "value" : false
        },
        "level" : {
          "type" : "constant",
          "value" : "Level 1"
        },
        "cssClasses" : {
          "type" : "constant",
          "value" : ""
        },
        "widgetId" : {
          "type" : "constant",
          "value" : "pbTitle"
        },
        "isDisplayed" : {
          "type" : "constant",
          "value" : true
        },
        "label" : {
          "type" : "interpolation"
        },
        "text" : {
          "type" : "interpolation",
          "value" : "{{ task.displayName }}"
        },
        "alignment" : {
          "type" : "constant",
          "value" : "center"
        },
        "class" : {
          "type" : "constant",
          "value" : "org.bonitasoft.web.designer.experimental.parametrizedWidget.TitleWidget"
        },
        "dimension" : {
          "type" : "constant",
          "value" : 12
        }
      },
      "reference" : "4d373d42-c0d1-4e5a-b1c1-8efb2201e9a9",
      "id" : "pbTitle"
    } ], [ {
      "type" : "component",
      "dimension" : {
        "md" : 12,
        "sm" : 12,
        "xs" : 12,
        "lg" : 12
      },
      "propertyValues" : {
        "labelHidden" : {
          "type" : "constant",
          "value" : false
        },
        "readonly" : {
          "type" : "constant",
          "value" : false
        },
        "cssClasses" : {
          "type" : "constant",
          "value" : ""
        },
        "widgetId" : {
          "type" : "constant",
          "value" : "pbText"
        },
        "isDisplayed" : {
          "type" : "constant",
          "value" : true
        },
        "label" : {
          "type" : "interpolation"
        },
        "text" : {
          "type" : "interpolation",
          "value" : "{{ task.displayDescription }}"
        },
        "alignment" : {
          "type" : "constant",
          "value" : "left"
        },
        "class" : {
          "type" : "constant",
          "value" : "org.bonitasoft.web.designer.experimental.parametrizedWidget.TextWidget"
        },
        "dimension" : {
          "type" : "constant",
          "value" : 12
        },
        "hidden" : {
          "type" : "constant",
          "value" : false
        },
        "allowHTML" : {
          "type" : "constant",
          "value" : true
        }
      },
      "reference" : "1f6e2cec-77a9-45c2-8783-bda5b683fb9e",
      "id" : "pbText"
    } ] ]
  } ], [ {
    "type" : "formContainer",
    "dimension" : {
      "xs" : 12
    },
    "propertyValues" : { },
    "reference" : "6ac89991-2ffb-41a0-a3e5-bec3c87febc6",
    "id" : "pbFormContainer",
    "container" : {
      "type" : "container",
      "dimension" : {
        "xs" : 12
      },
      "propertyValues" : { },
      "reference" : "beaa81fe-1118-4fd8-85b5-035c34b7d646",
      "id" : "pbContainer",
      "rows" : [ [ {
        "type" : "component",
        "dimension" : {
          "xs" : 12,
          "sm" : 12,
          "md" : 6,
          "lg" : 6
        },
        "propertyValues" : {
          "cssClasses" : {
            "type" : "constant",
            "value" : ""
          },
          "hidden" : {
            "type" : "constant",
            "value" : false
          },
          "disabled" : {
            "type" : "constant",
            "value" : false
          },
          "label" : {
            "type" : "interpolation",
            "value" : "Back"
          },
          "alignment" : {
            "type" : "constant",
            "value" : "right"
          },
          "buttonStyle" : {
            "type" : "constant",
            "value" : "default"
          },
          "action" : {
            "type" : "constant",
            "value" : "Submit task"
          },
          "url" : {
            "type" : "interpolation"
          },
          "dataToSend" : {
            "type" : "expression",
            "value" : "formOutputBack"
          },
          "dataFromSuccess" : {
            "type" : "variable",
            "value" : ""
          },
          "dataFromError" : {
            "type" : "variable",
            "value" : ""
          },
          "targetUrlOnSuccess" : {
            "type" : "interpolation"
          },
          "collectionToModify" : {
            "type" : "variable"
          },
          "collectionPosition" : {
            "type" : "constant",
            "value" : "Last"
          },
          "valueToAdd" : {
            "type" : "constant"
          },
          "removeItem" : {
            "type" : "variable"
          }
        },
        "reference" : "c5105af9-30c0-42bd-a7a1-1379bea3dc3d",
        "id" : "pbButton"
      }, {
        "type" : "component",
        "dimension" : {
          "md" : 6,
          "sm" : 12,
          "xs" : 12,
          "lg" : 6
        },
        "propertyValues" : {
          "removeItem" : {
            "type" : "variable"
          },
          "cssClasses" : {
            "type" : "constant",
            "value" : ""
          },
          "widgetId" : {
            "type" : "constant",
            "value" : "pbButton"
          },
          "buttonStyle" : {
            "type" : "constant",
            "value" : "primary"
          },
          "isDisplayed" : {
            "type" : "constant",
            "value" : true
          },
          "label" : {
            "type" : "interpolation",
            "value" : "Submit"
          },
          "dataToSend" : {
            "type" : "expression",
            "value" : "formOutput"
          },
          "labelHidden" : {
            "type" : "constant",
            "value" : false
          },
          "readonly" : {
            "type" : "constant",
            "value" : false
          },
          "collectionPosition" : {
            "type" : "constant"
          },
          "targetUrlOnSuccess" : {
            "type" : "interpolation",
            "value" : "/bonita"
          },
          "action" : {
            "type" : "constant",
            "value" : "Submit task"
          },
          "collectionToModify" : {
            "type" : "variable"
          },
          "valueToAdd" : {
            "type" : "expression"
          },
          "disabled" : {
            "type" : "expression",
            "value" : "$form.$invalid"
          },
          "alignment" : {
            "type" : "constant",
            "value" : "left"
          },
          "class" : {
            "type" : "constant",
            "value" : "org.bonitasoft.web.designer.experimental.parametrizedWidget.ButtonWidget"
          },
          "dimension" : {
            "type" : "constant",
            "value" : 12
          },
          "hidden" : {
            "type" : "constant",
            "value" : false
          },
          "url" : {
            "type" : "interpolation"
          },
          "dataFromSuccess" : {
            "type" : "variable",
            "value" : ""
          },
          "dataFromError" : {
            "type" : "variable",
            "value" : ""
          }
        },
        "reference" : "dca84468-5d31-4cdc-bba8-20b6ce5d5041",
        "id" : "pbButton"
      } ] ]
    }
  } ] ],
  "assets" : [ {
    "id" : "89fd3ad6-9c70-4c6f-a937-b0c0d89c66f7",
    "name" : "style.css",
    "type" : "css",
    "order" : 0,
    "external" : false
  }, {
    "id" : "669659ff-0bcc-4cca-b045-66920da5b640",
    "name" : "localization.json",
    "type" : "json",
    "order" : 0,
    "external" : false
  } ],
  "inactiveAssets" : [ ],
  "data" : {
    "task" : {
      "type" : "url",
      "value" : "../API/bpm/userTask/{{taskId}}",
      "exposed" : false
    },
    "formInput" : {
      "type" : "json",
      "value" : "{\n \n \"nextStep\":\"\"\n    \n}",
      "exposed" : false
    },
    "formOutput" : {
      "type" : "expression",
      "value" : "return {\n    \"nextStep\":\"Step3\"\n};",
      "exposed" : false
    },
    "context" : {
      "type" : "url",
      "value" : "../API/bpm/userTask/{{taskId}}/context",
      "exposed" : false
    },
    "taskId" : {
      "type" : "urlparameter",
      "value" : "id",
      "exposed" : false
    },
    "formOutputBack" : {
      "type" : "expression",
      "value" : "return {\n    \"nextStep\":\"Step1\"\n};",
      "exposed" : false
    }
  },
  "uuid" : "47c8b8b4-947a-4512-910f-23dd0389ddb5",
  "type" : "form"
}