<?xml version="1.0" encoding="UTF-8" standalone="yes"?>
<businessObjectModel modelVersion="1.0" productVersion="7.5.1">
    <businessObjects>
        <businessObject qualifiedName="com.company.model.TravelRequest">
            <fields>
                <field type="LONG" length="255" name="userId" nullable="false" collection="false"/>
                <field type="INTEGER" length="255" name="numOfNights" nullable="false" collection="false"/>
                <field type="BOOLEAN" length="255" name="hotelNeeded" nullable="false" collection="false"/>
                <field type="STRING" length="255" name="destination" nullable="false" collection="false"/>
                <field type="STRING" length="255" name="reason" nullable="false" collection="false"/>
                <field type="STRING" length="255" name="status" nullable="false" collection="false"/>
                <field type="STRING" length="255" name="refusalReason" nullable="true" collection="false"/>
                <field type="STRING" length="255" name="alliedReferenceType" nullable="true" collection="false"/>
            </fields>
            <uniqueConstraints/>
            <queries>
                <query name="findByUserAndStatus" content="SELECT t &#xA;FROM TravelRequest t &#xA;WHERE t.userId = :userId&#xA;AND t.status = :status&#xA;ORDER BY t.persistenceId ASC" returnType="java.util.List">
                    <queryParameters>
                        <queryParameter name="userId" className="java.lang.Long"/>
                        <queryParameter name="status" className="java.lang.String"/>
                    </queryParameters>
                </query>
            </queries>
            <indexes/>
        </businessObject>
        <businessObject qualifiedName="com.company.model.TravelRequest2">
            <fields>
                <field type="LONG" length="255" name="userId" nullable="false" collection="false"/>
                <field type="INTEGER" length="255" name="numOfNights" nullable="false" collection="false"/>
                <field type="BOOLEAN" length="255" name="hotelNeeded" nullable="false" collection="false"/>
                <field type="STRING" length="255" name="destination" nullable="false" collection="false"/>
                <field type="STRING" length="255" name="reason" nullable="false" collection="false"/>
                <field type="STRING" length="255" name="status" nullable="false" collection="false"/>
                <field type="STRING" length="255" name="refusalReason" nullable="true" collection="false"/>
            </fields>
            <uniqueConstraints/>
            <queries>
                <query name="findByUserAndStatus" content="SELECT t &#xA;FROM TravelRequest2 t &#xA;WHERE t.userId = :userId&#xA;AND t.status = :status&#xA;ORDER BY t.persistenceId ASC" returnType="java.util.List">
                    <queryParameters>
                        <queryParameter name="userId" className="java.lang.Long"/>
                        <queryParameter name="status" className="java.lang.String"/>
                    </queryParameters>
                </query>
            </queries>
            <indexes/>
        </businessObject>
        <businessObject qualifiedName="com.company.model.AgentRequest">
            <fields>
                <field type="LONG" length="255" name="userId" nullable="true" collection="false"/>
                <field type="STRING" length="255" name="agentEmail" nullable="false" collection="false"/>
                <field type="STRING" length="255" name="confirmAgentEmail" nullable="false" collection="false"/>
                <field type="STRING" length="255" name="providerSignature" nullable="false" collection="false"/>
                <field type="LOCALDATE" length="255" name="providerSignedDate" nullable="true" collection="false"/>
                <field type="STRING" length="255" name="agentSignature" nullable="false" collection="false"/>
                <field type="LOCALDATE" length="255" name="agentSignedDate" nullable="true" collection="false"/>
                <field type="STRING" length="255" name="status" nullable="false" collection="false"/>
                <field type="STRING" length="255" name="refusalReason" nullable="true" collection="false"/>
                <field type="STRING" length="255" name="providerEmail" nullable="true" collection="false"/>
            </fields>
            <uniqueConstraints/>
            <queries/>
            <indexes/>
        </businessObject>
        <businessObject qualifiedName="com.company.model.PeerRecommendation">
            <fields>
                <field type="LONG" length="255" name="userId" nullable="false" collection="false"/>
                <field type="STRING" length="255" name="verifyPerson" nullable="false" collection="false"/>
                <field type="STRING" length="255" name="alliedReferenceType" nullable="true" collection="false"/>
                <field type="STRING" length="255" name="referenceType" nullable="true" collection="false"/>
                <field type="STRING" length="255" name="setting" nullable="true" collection="true"/>
                <field type="STRING" length="255" name="responseBasedOn" nullable="true" collection="true"/>
                <field type="STRING" length="255" name="knownLength" nullable="true" collection="false"/>
                <field type="STRING" length="255" name="frequence" nullable="true" collection="false"/>
                <field type="STRING" length="255" name="knowingWell" nullable="true" collection="false"/>
                <field type="BOOLEAN" length="255" name="relationShip" nullable="true" collection="false"/>
                <field type="STRING" length="255" name="medicalKnowledge" nullable="true" collection="false"/>
                <field type="STRING" length="255" name="clinicalJudgment" nullable="true" collection="false"/>
                <field type="STRING" length="255" name="communicationSkills" nullable="true" collection="false"/>
                <field type="STRING" length="255" name="interpersonalSkills" nullable="true" collection="false"/>
                <field type="STRING" length="255" name="professionalism" nullable="true" collection="false"/>
                <field type="STRING" length="255" name="appropriate" nullable="true" collection="false"/>
                <field type="STRING" length="255" name="trainingRelevant" nullable="true" collection="false"/>
                <field type="STRING" length="255" name="currentlyCompetent" nullable="true" collection="false"/>
                <field type="STRING" length="255" name="health" nullable="true" collection="false"/>
                <field type="STRING" length="255" name="malpracticeActions" nullable="true" collection="false"/>
                <field type="STRING" length="255" name="license" nullable="true" collection="false"/>
                <field type="STRING" length="255" name="clinicalPrivileges" nullable="true" collection="false"/>
                <field type="STRING" length="255" name="hospitalAppointment" nullable="true" collection="false"/>
                <field type="STRING" length="255" name="affiliation" nullable="true" collection="false"/>
                <field type="STRING" length="255" name="professionalStatus" nullable="true" collection="false"/>
                <field type="STRING" length="255" name="employmentArrangementGroup" nullable="true" collection="false"/>
                <field type="STRING" length="255" name="employmentArrangementFacility" nullable="true" collection="false"/>
                <field type="STRING" length="255" name="recommendStatus" nullable="true" collection="false"/>
                <field type="STRING" length="255" name="additionalComments" nullable="true" collection="false"/>
                <field type="STRING" length="255" name="likeToBeContacted" nullable="true" collection="false"/>
                <field type="STRING" length="255" name="mySpecialty" nullable="true" collection="false"/>
                <field type="STRING" length="255" name="myDegree" nullable="true" collection="false"/>
                <field type="STRING" length="255" name="mySigniture" nullable="true" collection="false"/>
                <field type="STRING" length="255" name="myUnderstandChecked" nullable="true" collection="false"/>
                <field type="LONG" length="255" name="processInst" nullable="true" collection="false"/>
            </fields>
            <uniqueConstraints/>
            <queries/>
            <indexes/>
        </businessObject>
    </businessObjects>
</businessObjectModel>
