{
  "designerVersion" : "1.7.49",
  "id" : "step5Form",
  "name" : "step5Form",
  "lastUpdate" : 1533048582721,
  "rows" : [ [ {
    "type" : "container",
    "dimension" : {
      "xs" : 12
    },
    "propertyValues" : {
      "cssClasses" : {
        "type" : "constant",
        "value" : ""
      },
      "hidden" : {
        "type" : "constant",
        "value" : true
      },
      "repeatedCollection" : {
        "type" : "variable",
        "value" : ""
      }
    },
    "reference" : "03424603-d32f-42f4-8170-71a090c812e6",
    "id" : "pbContainer",
    "rows" : [ [ {
      "type" : "component",
      "dimension" : {
        "xs" : 12
      },
      "propertyValues" : {
        "labelHidden" : {
          "type" : "constant",
          "value" : false
        },
        "readonly" : {
          "type" : "constant",
          "value" : false
        },
        "level" : {
          "type" : "constant",
          "value" : "Level 1"
        },
        "cssClasses" : {
          "type" : "constant",
          "value" : ""
        },
        "widgetId" : {
          "type" : "constant",
          "value" : "pbTitle"
        },
        "isDisplayed" : {
          "type" : "constant",
          "value" : true
        },
        "label" : {
          "type" : "interpolation"
        },
        "text" : {
          "type" : "interpolation",
          "value" : "{{ task.displayName }}"
        },
        "alignment" : {
          "type" : "constant",
          "value" : "center"
        },
        "class" : {
          "type" : "constant",
          "value" : "org.bonitasoft.web.designer.experimental.parametrizedWidget.TitleWidget"
        },
        "dimension" : {
          "type" : "constant",
          "value" : 12
        }
      },
      "reference" : "131296b7-620d-49f9-8e30-142184ef70a2",
      "id" : "pbTitle"
    } ], [ {
      "type" : "component",
      "dimension" : {
        "xs" : 12
      },
      "propertyValues" : {
        "labelHidden" : {
          "type" : "constant",
          "value" : false
        },
        "readonly" : {
          "type" : "constant",
          "value" : false
        },
        "cssClasses" : {
          "type" : "constant",
          "value" : ""
        },
        "widgetId" : {
          "type" : "constant",
          "value" : "pbText"
        },
        "isDisplayed" : {
          "type" : "constant",
          "value" : true
        },
        "label" : {
          "type" : "interpolation"
        },
        "text" : {
          "type" : "interpolation",
          "value" : "{{ task.displayDescription }}"
        },
        "alignment" : {
          "type" : "constant",
          "value" : "left"
        },
        "class" : {
          "type" : "constant",
          "value" : "org.bonitasoft.web.designer.experimental.parametrizedWidget.TextWidget"
        },
        "dimension" : {
          "type" : "constant",
          "value" : 12
        }
      },
      "reference" : "5ba6848b-ea56-479e-a5c6-02f7e15ef921",
      "id" : "pbText"
    } ] ]
  } ], [ {
    "type" : "fragment",
    "dimension" : {
      "xs" : 12,
      "sm" : 12,
      "md" : 12,
      "lg" : 12
    },
    "propertyValues" : {
      "cssClasses" : {
        "type" : "constant",
        "value" : ""
      },
      "hidden" : {
        "type" : "constant",
        "value" : false
      }
    },
    "reference" : "291eeca1-7fa8-44bb-8029-1d4923b315eb",
    "id" : "titleFragment",
    "binding" : { }
  } ], [ {
    "type" : "container",
    "dimension" : {
      "xs" : 12,
      "sm" : 12,
      "md" : 12,
      "lg" : 12
    },
    "propertyValues" : {
      "cssClasses" : {
        "type" : "constant",
        "value" : ""
      },
      "hidden" : {
        "type" : "constant",
        "value" : false
      },
      "repeatedCollection" : {
        "type" : "variable",
        "value" : ""
      }
    },
    "reference" : "b6959553-e377-433b-9222-a55eb96a5725",
    "id" : "pbContainer",
    "rows" : [ [ {
      "type" : "component",
      "dimension" : {
        "xs" : 12,
        "sm" : 12,
        "md" : 12,
        "lg" : 12
      },
      "propertyValues" : {
        "cssClasses" : {
          "type" : "constant",
          "value" : ""
        },
        "hidden" : {
          "type" : "constant",
          "value" : false
        },
        "value" : {
          "type" : "constant",
          "value" : "This is the initial value"
        },
        "color" : {
          "type" : "constant",
          "value" : "RebeccaPurple"
        },
        "background" : {
          "type" : "constant",
          "value" : "Yellow"
        },
        "currentStep" : {
          "type" : "constant",
          "value" : 6
        }
      },
      "reference" : "b4118ddc-6318-41c8-b3f3-38d112d49f7c",
      "id" : "customProcessFlow"
    } ] ]
  } ], [ {
    "type" : "formContainer",
    "dimension" : {
      "xs" : 12
    },
    "propertyValues" : {
      "cssClasses" : {
        "type" : "constant",
        "value" : ""
      },
      "hidden" : {
        "type" : "constant",
        "value" : false
      }
    },
    "reference" : "caa8787e-4ac7-48a8-b87a-6327cf21234d",
    "id" : "pbFormContainer",
    "container" : {
      "type" : "container",
      "dimension" : {
        "xs" : 12
      },
      "propertyValues" : { },
      "reference" : "30501008-3d80-4a79-a740-125f436bb98f",
      "id" : "pbContainer",
      "rows" : [ [ {
        "type" : "component",
        "dimension" : {
          "xs" : 12
        },
        "propertyValues" : {
          "cssClasses" : {
            "type" : "constant",
            "value" : ""
          },
          "hidden" : {
            "type" : "constant",
            "value" : false
          },
          "disabled" : {
            "type" : "constant",
            "value" : false
          },
          "required" : {
            "type" : "constant",
            "value" : false
          },
          "labelHidden" : {
            "type" : "constant",
            "value" : false
          },
          "label" : {
            "type" : "interpolation",
            "value" : "License or Registration"
          },
          "labelPosition" : {
            "type" : "constant",
            "value" : "top"
          },
          "labelWidth" : {
            "type" : "constant",
            "value" : 4
          },
          "inline" : {
            "type" : "constant",
            "value" : true
          },
          "availableValues" : {
            "type" : "constant",
            "value" : [ "Yes", "No", "U/E" ]
          },
          "displayedKey" : {
            "type" : "constant"
          },
          "returnedKey" : {
            "type" : "constant"
          },
          "selectedValue" : {
            "type" : "variable",
            "value" : "formInput.license"
          }
        },
        "reference" : "6817ff3d-03cf-4427-86d0-1b59e376440e",
        "id" : "pbRadioButtons"
      } ], [ {
        "type" : "component",
        "dimension" : {
          "xs" : 12
        },
        "propertyValues" : {
          "cssClasses" : {
            "type" : "constant",
            "value" : ""
          },
          "hidden" : {
            "type" : "constant",
            "value" : false
          },
          "disabled" : {
            "type" : "constant",
            "value" : false
          },
          "required" : {
            "type" : "constant",
            "value" : false
          },
          "labelHidden" : {
            "type" : "constant",
            "value" : false
          },
          "label" : {
            "type" : "interpolation",
            "value" : "Clinical Privileges"
          },
          "labelPosition" : {
            "type" : "constant",
            "value" : "top"
          },
          "labelWidth" : {
            "type" : "constant",
            "value" : 4
          },
          "inline" : {
            "type" : "constant",
            "value" : true
          },
          "availableValues" : {
            "type" : "constant",
            "value" : [ "Yes", "No", "U/E" ]
          },
          "displayedKey" : {
            "type" : "constant"
          },
          "returnedKey" : {
            "type" : "constant"
          },
          "selectedValue" : {
            "type" : "variable",
            "value" : "formInput.clinicalPrivileges"
          }
        },
        "reference" : "038e717f-f75e-4b1d-b3c6-13cf6f3e7b03",
        "id" : "pbRadioButtons"
      } ], [ {
        "type" : "component",
        "dimension" : {
          "xs" : 12
        },
        "propertyValues" : {
          "cssClasses" : {
            "type" : "constant",
            "value" : ""
          },
          "hidden" : {
            "type" : "constant",
            "value" : false
          },
          "disabled" : {
            "type" : "constant",
            "value" : false
          },
          "required" : {
            "type" : "constant",
            "value" : false
          },
          "labelHidden" : {
            "type" : "constant",
            "value" : false
          },
          "label" : {
            "type" : "interpolation",
            "value" : "Hospital Appointment"
          },
          "labelPosition" : {
            "type" : "constant",
            "value" : "top"
          },
          "labelWidth" : {
            "type" : "constant",
            "value" : 4
          },
          "inline" : {
            "type" : "constant",
            "value" : true
          },
          "availableValues" : {
            "type" : "constant",
            "value" : [ "Yes", "No", "U/E" ]
          },
          "displayedKey" : {
            "type" : "constant"
          },
          "returnedKey" : {
            "type" : "constant"
          },
          "selectedValue" : {
            "type" : "variable",
            "value" : "formInput.hospitalAppointment"
          }
        },
        "reference" : "38a94376-35da-42c0-abc5-6945e550d428",
        "id" : "pbRadioButtons"
      } ], [ {
        "type" : "component",
        "dimension" : {
          "xs" : 12
        },
        "propertyValues" : {
          "cssClasses" : {
            "type" : "constant",
            "value" : ""
          },
          "hidden" : {
            "type" : "constant",
            "value" : false
          },
          "disabled" : {
            "type" : "constant",
            "value" : false
          },
          "required" : {
            "type" : "constant",
            "value" : false
          },
          "labelHidden" : {
            "type" : "constant",
            "value" : false
          },
          "label" : {
            "type" : "interpolation",
            "value" : "Affiliation w/any Healthcare Organization"
          },
          "labelPosition" : {
            "type" : "constant",
            "value" : "top"
          },
          "labelWidth" : {
            "type" : "constant",
            "value" : 4
          },
          "inline" : {
            "type" : "constant",
            "value" : true
          },
          "availableValues" : {
            "type" : "constant",
            "value" : [ "Yes", "No", "U/E" ]
          },
          "displayedKey" : {
            "type" : "constant"
          },
          "returnedKey" : {
            "type" : "constant"
          },
          "selectedValue" : {
            "type" : "variable",
            "value" : "formInput.affiliation"
          }
        },
        "reference" : "05abe1f4-9cd1-4a65-ab2c-e918f4565569",
        "id" : "pbRadioButtons"
      } ], [ {
        "type" : "component",
        "dimension" : {
          "xs" : 12
        },
        "propertyValues" : {
          "cssClasses" : {
            "type" : "constant",
            "value" : ""
          },
          "hidden" : {
            "type" : "constant",
            "value" : false
          },
          "disabled" : {
            "type" : "constant",
            "value" : false
          },
          "required" : {
            "type" : "constant",
            "value" : false
          },
          "labelHidden" : {
            "type" : "constant",
            "value" : false
          },
          "label" : {
            "type" : "interpolation",
            "value" : "Professional Status"
          },
          "labelPosition" : {
            "type" : "constant",
            "value" : "top"
          },
          "labelWidth" : {
            "type" : "constant",
            "value" : 4
          },
          "inline" : {
            "type" : "constant",
            "value" : true
          },
          "availableValues" : {
            "type" : "constant",
            "value" : [ "Yes", "No", "U/E" ]
          },
          "displayedKey" : {
            "type" : "constant"
          },
          "returnedKey" : {
            "type" : "constant"
          },
          "selectedValue" : {
            "type" : "variable",
            "value" : "formInput.professionalStatus"
          }
        },
        "reference" : "72c33a7c-4aba-48c5-8ada-4ae06a2b5ae6",
        "id" : "pbRadioButtons"
      } ], [ {
        "type" : "component",
        "dimension" : {
          "xs" : 12
        },
        "propertyValues" : {
          "cssClasses" : {
            "type" : "constant",
            "value" : ""
          },
          "hidden" : {
            "type" : "constant",
            "value" : false
          },
          "disabled" : {
            "type" : "constant",
            "value" : false
          },
          "required" : {
            "type" : "constant",
            "value" : false
          },
          "labelHidden" : {
            "type" : "constant",
            "value" : false
          },
          "label" : {
            "type" : "interpolation",
            "value" : "Employment Arrangement  w/Physician Group"
          },
          "labelPosition" : {
            "type" : "constant",
            "value" : "top"
          },
          "labelWidth" : {
            "type" : "constant",
            "value" : 4
          },
          "inline" : {
            "type" : "constant",
            "value" : true
          },
          "availableValues" : {
            "type" : "constant",
            "value" : [ "Yes", "No", "U/E" ]
          },
          "displayedKey" : {
            "type" : "constant"
          },
          "returnedKey" : {
            "type" : "constant"
          },
          "selectedValue" : {
            "type" : "variable",
            "value" : "formInput.employmentArrangementGroup"
          }
        },
        "reference" : "3b304cff-c7a3-4e3f-8659-2de08de3f84b",
        "id" : "pbRadioButtons"
      } ], [ {
        "type" : "component",
        "dimension" : {
          "xs" : 12
        },
        "propertyValues" : {
          "cssClasses" : {
            "type" : "constant",
            "value" : ""
          },
          "hidden" : {
            "type" : "constant",
            "value" : false
          },
          "disabled" : {
            "type" : "constant",
            "value" : false
          },
          "required" : {
            "type" : "constant",
            "value" : false
          },
          "labelHidden" : {
            "type" : "constant",
            "value" : false
          },
          "label" : {
            "type" : "interpolation",
            "value" : "Employment Arrangement  w/any Healthcare Facility"
          },
          "labelPosition" : {
            "type" : "constant",
            "value" : "top"
          },
          "labelWidth" : {
            "type" : "constant",
            "value" : 4
          },
          "inline" : {
            "type" : "constant",
            "value" : true
          },
          "availableValues" : {
            "type" : "constant",
            "value" : [ "Yes", "No", "U/E" ]
          },
          "displayedKey" : {
            "type" : "constant"
          },
          "returnedKey" : {
            "type" : "constant"
          },
          "selectedValue" : {
            "type" : "variable",
            "value" : "formInput.employmentArrangementFacility"
          }
        },
        "reference" : "b092ce28-2710-438e-b2a0-2946691383d6",
        "id" : "pbRadioButtons"
      } ], [ {
        "type" : "component",
        "dimension" : {
          "xs" : 12,
          "sm" : 12,
          "md" : 6,
          "lg" : 6
        },
        "propertyValues" : {
          "cssClasses" : {
            "type" : "constant",
            "value" : ""
          },
          "hidden" : {
            "type" : "constant",
            "value" : false
          },
          "disabled" : {
            "type" : "constant",
            "value" : false
          },
          "label" : {
            "type" : "interpolation",
            "value" : "Back"
          },
          "alignment" : {
            "type" : "constant",
            "value" : "right"
          },
          "buttonStyle" : {
            "type" : "constant",
            "value" : "warning"
          },
          "action" : {
            "type" : "constant",
            "value" : "Submit task"
          },
          "url" : {
            "type" : "interpolation"
          },
          "dataToSend" : {
            "type" : "expression",
            "value" : "formBackOutput"
          },
          "dataFromSuccess" : {
            "type" : "variable",
            "value" : "successResponse"
          },
          "dataFromError" : {
            "type" : "variable",
            "value" : "failureResponse"
          },
          "targetUrlOnSuccess" : {
            "type" : "interpolation"
          },
          "collectionToModify" : {
            "type" : "variable"
          },
          "collectionPosition" : {
            "type" : "constant",
            "value" : "Last"
          },
          "valueToAdd" : {
            "type" : "constant"
          },
          "removeItem" : {
            "type" : "variable"
          }
        },
        "reference" : "0c7e6230-3fda-4c03-87ff-c3825ea1cffa",
        "id" : "pbButton"
      }, {
        "type" : "component",
        "dimension" : {
          "xs" : 12,
          "md" : 6,
          "lg" : 6
        },
        "propertyValues" : {
          "removeItem" : {
            "type" : "variable"
          },
          "cssClasses" : {
            "type" : "constant",
            "value" : ""
          },
          "widgetId" : {
            "type" : "constant",
            "value" : "pbButton"
          },
          "buttonStyle" : {
            "type" : "constant",
            "value" : "primary"
          },
          "isDisplayed" : {
            "type" : "constant",
            "value" : true
          },
          "label" : {
            "type" : "interpolation",
            "value" : "Submit"
          },
          "dataToSend" : {
            "type" : "expression",
            "value" : "formOutput"
          },
          "labelHidden" : {
            "type" : "constant",
            "value" : false
          },
          "readonly" : {
            "type" : "constant",
            "value" : false
          },
          "collectionPosition" : {
            "type" : "constant"
          },
          "targetUrlOnSuccess" : {
            "type" : "interpolation",
            "value" : ""
          },
          "action" : {
            "type" : "constant",
            "value" : "Submit task"
          },
          "collectionToModify" : {
            "type" : "variable"
          },
          "valueToAdd" : {
            "type" : "expression"
          },
          "disabled" : {
            "type" : "expression",
            "value" : "$form.$invalid"
          },
          "alignment" : {
            "type" : "constant",
            "value" : "left"
          },
          "class" : {
            "type" : "constant",
            "value" : "org.bonitasoft.web.designer.experimental.parametrizedWidget.ButtonWidget"
          },
          "dimension" : {
            "type" : "constant",
            "value" : 12
          },
          "hidden" : {
            "type" : "constant",
            "value" : false
          },
          "url" : {
            "type" : "interpolation"
          },
          "dataFromSuccess" : {
            "type" : "variable",
            "value" : "successResponse"
          },
          "dataFromError" : {
            "type" : "variable",
            "value" : "failureResponse"
          }
        },
        "reference" : "8ae42384-41ed-4754-97d9-3754604a8d93",
        "id" : "pbButton"
      } ] ]
    }
  } ], [ {
    "type" : "component",
    "dimension" : {
      "xs" : 12,
      "sm" : 12,
      "md" : 12,
      "lg" : 12
    },
    "propertyValues" : {
      "cssClasses" : {
        "type" : "constant",
        "value" : ""
      },
      "hidden" : {
        "type" : "constant",
        "value" : false
      },
      "timeToWait" : {
        "type" : "constant",
        "value" : 1000
      },
      "submitButtonSuccessfulResponseValue" : {
        "type" : "expression",
        "value" : "successResponse"
      },
      "numberOfRetries" : {
        "type" : "constant",
        "value" : 8
      },
      "bonitaWebAppName" : {
        "type" : "constant",
        "value" : "bonita"
      },
      "taskId" : {
        "type" : "expression",
        "value" : "taskId"
      },
      "messageDisplayed" : {
        "type" : "constant",
        "value" : "Searching for current user next task in current case"
      }
    },
    "reference" : "fabe230d-79a7-4e36-ac78-70fcc503c8ad",
    "id" : "customRedirectNextTask"
  } ] ],
  "assets" : [ {
    "id" : "ac5177bb-6751-4779-a9e9-c7bf0a85094f",
    "name" : "doctor.jpg",
    "type" : "img",
    "order" : 2,
    "external" : false
  }, {
    "id" : "7949e40a-b674-40d8-aad7-e62f8a8ab5cb",
    "name" : "Logo.png",
    "type" : "img",
    "order" : 4,
    "external" : false
  }, {
    "id" : "40d64f5f-0e44-4a46-9c17-24e08bc7f16c",
    "name" : "style.css",
    "type" : "css",
    "order" : 0,
    "external" : false
  }, {
    "id" : "a1616774-5d76-473e-9d67-f799fda9175d",
    "name" : "IC-logo.svg",
    "type" : "img",
    "order" : 1,
    "external" : false
  }, {
    "id" : "c67a6de2-f6fc-4c97-a191-25447ed063d1",
    "name" : "doctor.png",
    "type" : "img",
    "order" : 3,
    "external" : false
  } ],
  "inactiveAssets" : [ ],
  "data" : {
    "task" : {
      "type" : "url",
      "value" : "../API/bpm/userTask/{{taskId}}",
      "exposed" : false
    },
    "formInput" : {
      "type" : "expression",
      "value" : "return {\n  \"license\" : $data.bdmData[0].license,\n  \"clinicalPrivileges\" : $data.bdmData[0].clinicalPrivileges,\n  \"hospitalAppointment\" : $data.bdmData[0].hospitalAppointment,\n  \"affiliation\" : $data.bdmData[0].affiliation,\n  \"professionalStatus\" :$data.bdmData[0].professionalStatus,\n  \"employmentArrangementGroup\" : $data.bdmData[0].employmentArrangementGroup,\n  \"employmentArrangementFacility\" : $data.bdmData[0].employmentArrangementFacility,\n  \"nextStep\": \"\"\n}",
      "exposed" : false
    },
    "formOutput" : {
      "type" : "expression",
      "value" : "return {\n\t'license': $data.formInput.license,\n\t'clinicalPrivileges': $data.formInput.clinicalPrivileges,\n\t'hospitalAppointment': $data.formInput.hospitalAppointment,\n\t'affiliation': $data.formInput.affiliation,\n\t'professionalStatus': $data.formInput.professionalStatus,\n\t'employmentArrangementGroup': $data.formInput.employmentArrangementGroup,\n\t'employmentArrangementFacility': $data.formInput.employmentArrangementFacility,\n    'nextStep': 'Step6'\n};",
      "exposed" : false
    },
    "context" : {
      "type" : "url",
      "value" : "../API/bpm/userTask/{{taskId}}/context",
      "exposed" : false
    },
    "taskId" : {
      "type" : "urlparameter",
      "value" : "id",
      "exposed" : false
    },
    "successResponse" : {
      "type" : "constant",
      "value" : "",
      "exposed" : false
    },
    "failureResponse" : {
      "type" : "constant",
      "exposed" : false
    },
    "formBackOutput" : {
      "type" : "expression",
      "value" : "return {\n\t'license': $data.formInput.license,\n\t'clinicalPrivileges': $data.formInput.clinicalPrivileges,\n\t'hospitalAppointment': $data.formInput.hospitalAppointment,\n\t'affiliation': $data.formInput.affiliation,\n\t'professionalStatus': $data.formInput.professionalStatus,\n\t'employmentArrangementGroup': $data.formInput.employmentArrangementGroup,\n\t'employmentArrangementFacility': $data.formInput.employmentArrangementFacility,\n    'nextStep': 'Step4'\n};",
      "exposed" : false
    },
    "bdmData" : {
      "type" : "url",
      "value" : "../API/bdm/businessData/com.company.model.PeerRecommendation?q=findByProcessInst&p=0&c=10&f=processInst={{task.caseId}}",
      "exposed" : false
    }
  },
  "uuid" : "f74392d0-95cb-462c-95ff-ed7076ce0188",
  "type" : "form"
}