{
  "designerVersion" : "1.9.61",
  "id" : "solarPRDashboard",
  "name" : "solarPRDashboard",
  "lastUpdate" : 1582279213923,
  "rows" : [ [ {
    "type" : "container",
    "dimension" : {
      "xs" : 12,
      "sm" : 12,
      "md" : 12,
      "lg" : 12
    },
    "propertyValues" : {
      "cssClasses" : {
        "type" : "constant",
        "value" : ""
      },
      "hidden" : {
        "type" : "constant",
        "value" : false
      },
      "repeatedCollection" : {
        "type" : "variable",
        "value" : ""
      }
    },
    "reference" : "427a6959-6cd7-49ef-bec9-50a95c194219",
    "hasValidationError" : false,
    "id" : "pbContainer",
    "rows" : [ [ {
      "type" : "component",
      "dimension" : {
        "xs" : 12,
        "sm" : 12,
        "md" : 12,
        "lg" : 12
      },
      "propertyValues" : {
        "cssClasses" : {
          "type" : "constant",
          "value" : ""
        },
        "hidden" : {
          "type" : "constant",
          "value" : false
        },
        "EmployeeList" : {
          "type" : "variable",
          "value" : "emplist"
        },
        "SelectedRow" : {
          "type" : "variable",
          "value" : "selectedrow"
        }
      },
      "reference" : "ca83e719-7be9-4ee3-b85d-edb0aaa4eee2",
      "hasValidationError" : false,
      "id" : "customSolarBearTable"
    } ] ]
  } ], [ {
    "type" : "component",
    "dimension" : {
      "xs" : 12,
      "sm" : 12,
      "md" : 12,
      "lg" : 12
    },
    "propertyValues" : {
      "cssClasses" : {
        "type" : "constant",
        "value" : ""
      },
      "hidden" : {
        "type" : "constant",
        "value" : false
      },
      "labelHidden" : {
        "type" : "constant",
        "value" : true
      },
      "label" : {
        "type" : "interpolation",
        "value" : "Default label"
      },
      "labelPosition" : {
        "type" : "constant",
        "value" : "top"
      },
      "labelWidth" : {
        "type" : "constant",
        "value" : 4
      },
      "allowHTML" : {
        "type" : "constant",
        "value" : true
      },
      "text" : {
        "type" : "interpolation",
        "value" : "{{selectedrow | json }}"
      },
      "alignment" : {
        "type" : "constant",
        "value" : "left"
      }
    },
    "reference" : "612bc4f2-500c-4931-bd58-ac240a06f094",
    "hasValidationError" : false,
    "id" : "pbText"
  } ], [ {
    "type" : "component",
    "dimension" : {
      "xs" : 12,
      "sm" : 12,
      "md" : 12,
      "lg" : 12
    },
    "propertyValues" : {
      "cssClasses" : {
        "type" : "constant",
        "value" : ""
      },
      "hidden" : {
        "type" : "constant",
        "value" : false
      },
      "disabled" : {
        "type" : "constant",
        "value" : false
      },
      "label" : {
        "type" : "interpolation",
        "value" : "Submit"
      },
      "alignment" : {
        "type" : "constant",
        "value" : "center"
      },
      "buttonStyle" : {
        "type" : "constant",
        "value" : "success"
      },
      "action" : {
        "type" : "constant",
        "value" : "Start process"
      },
      "assign" : {
        "type" : "constant",
        "value" : false
      },
      "url" : {
        "type" : "interpolation"
      },
      "responseStatusCode" : {
        "type" : "variable",
        "value" : ""
      },
      "dataToSend" : {
        "type" : "expression",
        "value" : "selectedrow"
      },
      "dataFromSuccess" : {
        "type" : "variable",
        "value" : ""
      },
      "closeOnSuccess" : {
        "type" : "constant",
        "value" : false
      },
      "dataFromError" : {
        "type" : "variable",
        "value" : ""
      },
      "targetUrlOnSuccess" : {
        "type" : "interpolation",
        "value" : "/"
      },
      "collectionToModify" : {
        "type" : "variable"
      },
      "modalId" : {
        "type" : "constant",
        "value" : ""
      },
      "collectionPosition" : {
        "type" : "constant",
        "value" : "Last"
      },
      "valueToAdd" : {
        "type" : "constant"
      },
      "removeItem" : {
        "type" : "variable"
      }
    },
    "reference" : "605ce2d4-03ba-4b55-af66-ad728042d61e",
    "hasValidationError" : false,
    "id" : "pbButton"
  } ] ],
  "assets" : [ {
    "id" : "077c6999-f5c2-4063-93ea-70f3f314f91d",
    "name" : "style.css",
    "type" : "css",
    "order" : 0,
    "external" : false
  }, {
    "id" : "6ab8e1b6-b207-471b-84f5-c859ce7c7b6f",
    "name" : "localization.json",
    "type" : "json",
    "order" : 0,
    "external" : false
  } ],
  "inactiveAssets" : [ ],
  "data" : {
    "emplist" : {
      "type" : "expression",
      "value" : "return [\r\n        {\r\n            \"plant\": \"1821\",\r\n            \"reqDate\": \"03.10.2019\",\r\n            \"purchReq\": \"10394745\",\r\n            \"Chngd\": \"28.09.2019\",\r\n            \"releaseDate\": \"08.10.2019\",\r\n            \"matlGroup\": \"R0000A003\",\r\n            \"shortText\": \"ACETIC ANHYDRIDE\",\r\n            \"Quantity\": \"16,000\",\r\n\t\t\t\"vendorList\" : {options : [{id:\"vendor1\",value:'vendor1'}  , {id:\"vendor2\",value:\"vendor2\"},{id:\"vendor3\",value:\"vendor3\"}]}\r\n        },\r\n        \r\n        {\r\n            \"plant\": \"1821\",\r\n            \"reqDate\": \"23.12.2019\",\r\n            \"purchReq\": \"10403725\",\r\n            \"Chngd\": \"28.09.2019\",\r\n            \"releaseDate\": \"03.01.2019\",\r\n            \"matlGroup\": \"R0000H002\",\r\n            \"shortText\": \"HEXAMINE\",\r\n            \"Quantity\": \"7,000\",\r\n\t\t\t\"vendorList\" : {options : [{id:\"vendor1\",value:'vendor1'}  , {id:\"vendor2\",value:\"vendor2\"},{id:\"vendor3\",value:\"vendor3\"}]}\r\n        },\r\n        {\r\n            \"plant\": \"1821\",\r\n            \"reqDate\": \"23.12.2019\",\r\n            \"purchReq\": \"10403725\",\r\n            \"Chngd\": \"28.09.2019\",\r\n            \"releaseDate\": \"03.01.2019\",\r\n            \"matlGroup\": \"R0000P005\",\r\n            \"shortText\": \"PARAFORMALDEHYDE\",\r\n            \"Quantity\": \"1,500\",\r\n\t\t\t\"vendorList\" : {options : [{id:\"vendor1\",value:'vendor1'}  , {id:\"vendor2\",value:\"vendor2\"},{id:\"vendor3\",value:\"vendor3\"}]}\r\n        },\r\n        {\r\n            \"plant\": \"1821\",\r\n            \"reqDate\": \"01.03.2019\",\r\n            \"purchReq\": \"10412754\",\r\n            \"Chngd\": \"28.09.2019\",\r\n            \"releaseDate\": \"08.03.2019\",\r\n            \"matlGroup\": \"R0000A001\",\r\n            \"shortText\": \"ACETIC ACID\",\r\n            \"Quantity\": \"100,000\",\r\n\t\t\t\"vendorList\" : {options : [{id:\"vendor1\",value:'vendor1'}  , {id:\"vendor2\",value:\"vendor2\"},{id:\"vendor3\",value:\"vendor3\"}]}\r\n        },\r\n        {\r\n            \"plant\": \"1821\",\r\n            \"reqDate\": \"04.06.2019\",\r\n            \"purchReq\": \"10427279\",\r\n            \"Chngd\": \"28.09.2019\",\r\n            \"releaseDate\": \"13.06.2019\",\r\n            \"matlGroup\": \"R0000A003\",\r\n            \"shortText\": \"ACETIC ANHYDRIDE\",\r\n            \"Quantity\": \"240,000\",\r\n\t\t\t\"vendorList\" : {options : [{id:\"vendor1\",value:'vendor1'}  , {id:\"vendor2\",value:\"vendor2\"},{id:\"vendor3\",value:\"vendor3\"}]}\r\n        },\r\n        {\r\n            \"plant\": \"1821\",\r\n            \"reqDate\": \"04.06.2019\",\r\n            \"purchReq\": \"10427279\",\r\n            \"Chngd\": \"28.09.2019\",\r\n            \"releaseDate\": \"13.06.2019\",\r\n            \"matlGroup\": \"R0000H002\",\r\n            \"shortText\": \"HEXAMINE\",\r\n            \"Quantity\": \"28,000\",\r\n\t\t\t\"vendorList\" : {options : [{id:\"vendor1\",value:'vendor1'}  , {id:\"vendor2\",value:\"vendor2\"},{id:\"vendor3\",value:\"vendor3\"}]}\r\n        },\r\n        {\r\n            \"plant\": \"1821\",\r\n            \"reqDate\": \"27.11.2019\",\r\n            \"purchReq\": \"10435878\",\r\n            \"Chngd\": \"27.11.2019\",\r\n            \"releaseDate\": \"13.12.2019\",\r\n            \"matlGroup\": \"R0000D012\",\r\n            \"shortText\": \"Di Ethylene Glycol\",\r\n            \"Quantity\": \"400\",\r\n\t\t\t\"vendorList\" : {options : [{id:\"vendor1\",value:'vendor1'}  , {id:\"vendor2\",value:\"vendor2\"},{id:\"vendor3\",value:\"vendor3\"}]}\r\n        },\r\n        {\r\n            \"plant\": \"1821\",\r\n            \"reqDate\": \"10.12.2019\",\r\n            \"purchReq\": \"10436372\",\r\n            \"Chngd\": \"10.12.2019\",\r\n            \"releaseDate\": \"18.12.2019\",\r\n            \"matlGroup\": \"R0000I001\",\r\n            \"shortText\": \"IPA\",\r\n            \"Quantity\": \"2,000\",\r\n\t\t\t\"vendorList\" : {options : [{id:\"vendor1\",value:'vendor1'}  , {id:\"vendor2\",value:\"vendor2\"},{id:\"vendor3\",value:\"vendor3\"}]}\r\n\r\n        },\r\n        {\r\n            \"plant\": \"1826\",\r\n            \"reqDate\": \"02.01.2020\",\r\n            \"purchReq\": \"10437376\",\r\n            \"Chngd\": \"02.01.2020\",\r\n            \"releaseDate\": \"30.01.2020\",\r\n            \"matlGroup\": \"R0000S006\",\r\n            \"shortText\": \"SODIUM NITRITE (NX)-TEST\",\r\n            \"Quantity\": \"10\",\r\n\t\t\t\"vendorList\" : {options : [{id:\"vendor1\",value:'vendor1'}  , {id:\"vendor2\",value:\"vendor2\"},{id:\"vendor3\",value:\"vendor3\"}]}\r\n        },\r\n        {\r\n            \"plant\": \"1826\",\r\n            \"reqDate\": \"02.01.2020\",\r\n            \"purchReq\": \"10437377\",\r\n            \"Chngd\": \"02.01.2020\",\r\n            \"releaseDate\": \"30.01.2020\",\r\n            \"matlGroup\": \"R0000A009\",\r\n            \"shortText\": \"A.N.MELT-Test\",\r\n            \"Quantity\": \"3,006.03\",\r\n\t\t\t\"vendorList\" : {options : [{id:\"vendor1\",value:'vendor1'}  , {id:\"vendor2\",value:\"vendor2\"},{id:\"vendor3\",value:\"vendor3\"}]}\r\n        },\r\n        {\r\n            \"plant\": \"1826\",\r\n            \"reqDate\": \"02.01.2020\",\r\n            \"purchReq\": \"10437378\",\r\n            \"Chngd\": \"02.01.2020\",\r\n            \"releaseDate\": \"30.01.2020\",\r\n            \"matlGroup\": \"R0000A009\",\r\n            \"shortText\": \"A.N.Crystalline(Converted from AN)-TEST\",\r\n            \"Quantity\": \"474.186\",\r\n\t\t\t\"vendorList\" : {options : [{id:\"vendor1\",value:'vendor1'}  , {id:\"vendor2\",value:\"vendor2\"},{id:\"vendor3\",value:\"vendor3\"}]}\r\n        },\r\n        {\r\n            \"plant\": \"1826\",\r\n            \"reqDate\": \"02.01.2020\",\r\n            \"purchReq\": \"10437379\",\r\n            \"Chngd\": \"02.01.2020\",\r\n            \"releaseDate\": \"30.01.2020\",\r\n            \"matlGroup\": \"R0000S018\",\r\n            \"shortText\": \"SULPHAMIC ACID-TEST\",\r\n            \"Quantity\": \"4.482\",\r\n\t\t\t\"vendorList\" : {options : [{id:\"vendor1\",value:'vendor1'}  , {id:\"vendor2\",value:\"vendor2\"},{id:\"vendor3\",value:\"vendor3\"}]}\r\n        },\r\n        {\r\n            \"plant\": \"1826\",\r\n            \"reqDate\": \"02.01.2020\",\r\n            \"purchReq\": \"10437380\",\r\n            \"Chngd\": \"02.01.2020\",\r\n            \"releaseDate\": \"30.01.2020\",\r\n            \"matlGroup\": \"R0000F004\",\r\n            \"shortText\": \"FURNACE OIL (Kg)-TEST\",\r\n            \"Quantity\": \"268.868\",\r\n\t\t\t\"vendorList\" : {options : [{id:\"vendor1\",value:'vendor1'}  , {id:\"vendor2\",value:\"vendor2\"},{id:\"vendor3\",value:\"vendor3\"}]}\r\n        },\r\n        {\r\n            \"plant\": \"1821\",\r\n            \"reqDate\": \"04.01.2020\",\r\n            \"purchReq\": \"10437381\",\r\n            \"Chngd\": \"04.01.2020\",\r\n            \"releaseDate\": \"13.01.2020\",\r\n            \"matlGroup\": \"R0000A009\",\r\n            \"shortText\": \"A.N.MELT\",\r\n            \"Quantity\": \"7,864,941.87\",\r\n\t\t\t\"vendorList\" : {options : [{id:\"vendor1\",value:'vendor1'}  , {id:\"vendor2\",value:\"vendor2\"},{id:\"vendor3\",value:\"vendor3\"}]}\r\n        },\r\n        {\r\n            \"plant\": \"1821\",\r\n            \"reqDate\": \"04.01.2020\",\r\n            \"purchReq\": \"10437381\",\r\n            \"Chngd\": \"04.01.2020\",\r\n            \"releaseDate\": \"13.01.2020\",\r\n            \"matlGroup\": \"R0000A009\",\r\n            \"shortText\": \"A.N.DRY (UNCOATED / OPTIFORM)\",\r\n            \"Quantity\": \"4,172,653.62\",\r\n\t\t\t\"vendorList\" : {options : [{id:\"vendor1\",value:'vendor1'}  , {id:\"vendor2\",value:\"vendor2\"},{id:\"vendor3\",value:\"vendor3\"}]}\r\n        },\r\n        {\r\n            \"plant\": \"1821\",\r\n            \"reqDate\": \"04.01.2020\",\r\n            \"purchReq\": \"10437381\",\r\n            \"Chngd\": \"04.01.2020\",\r\n            \"releaseDate\": \"13.01.2020\",\r\n            \"matlGroup\": \"R0000A009\",\r\n            \"shortText\": \"A.N.Crystalline(Converted from A.N.MELT)\",\r\n            \"Quantity\": \"881,903.17\",\r\n\t\t\t\"vendorList\" : {options : [{id:\"vendor1\",value:'vendor1'}  , {id:\"vendor2\",value:\"vendor2\"},{id:\"vendor3\",value:\"vendor3\"}]}\r\n        },\r\n        {\r\n            \"plant\": \"1821\",\r\n            \"reqDate\": \"04.01.2020\",\r\n            \"purchReq\": \"10437381\",\r\n            \"Chngd\": \"04.01.2020\",\r\n            \"releaseDate\": \"13.01.2020\",\r\n            \"matlGroup\": \"R0000C009\",\r\n            \"shortText\": \"C.N. MELT 60 %\",\r\n            \"Quantity\": \"1,820,874.40\",\r\n\t\t\t\"vendorList\" : {options : [{id:\"vendor1\",value:'vendor1'}  , {id:\"vendor2\",value:\"vendor2\"},{id:\"vendor3\",value:\"vendor3\"}]}\r\n        },\r\n        {\r\n            \"plant\": \"1821\",\r\n            \"reqDate\": \"04.01.2020\",\r\n            \"purchReq\": \"10437381\",\r\n            \"Chngd\": \"04.01.2020\",\r\n            \"releaseDate\": \"13.01.2020\",\r\n            \"matlGroup\": \"R0000S005\",\r\n            \"shortText\": \"SODIUM NITRATE (SN)\",\r\n            \"Quantity\": \"49,329.28\",\r\n\t\t\t\"vendorList\" : {options : [{id:\"vendor1\",value:'vendor1'}  , {id:\"vendor2\",value:\"vendor2\"},{id:\"vendor3\",value:\"vendor3\"}]}\r\n        },\r\n        {\r\n            \"plant\": \"1821\",\r\n            \"reqDate\": \"04.01.2020\",\r\n            \"purchReq\": \"10437381\",\r\n            \"Chngd\": \"04.01.2020\",\r\n            \"releaseDate\": \"13.01.2020\",\r\n            \"matlGroup\": \"R0000S019\",\r\n            \"shortText\": \"SULPHUR\",\r\n            \"Quantity\": \"1,516,089.50\",\r\n\t\t\t\"vendorList\" : {options : [{id:\"vendor1\",value:'vendor1'}  , {id:\"vendor2\",value:\"vendor2\"},{id:\"vendor3\",value:\"vendor3\"}]}\r\n        },\r\n        {\r\n            \"plant\": \"1821\",\r\n            \"reqDate\": \"04.01.2020\",\r\n            \"purchReq\": \"10437381\",\r\n            \"Chngd\": \"04.01.2020\",\r\n            \"releaseDate\": \"13.01.2020\",\r\n            \"matlGroup\": \"R0000M004\",\r\n            \"shortText\": \"MEZZ STARCH\",\r\n            \"Quantity\": \"382,234.50\",\r\n\t\t\t\"vendorList\" : {options : [{id:\"vendor1\",value:'vendor1'}  , {id:\"vendor2\",value:\"vendor2\"},{id:\"vendor3\",value:\"vendor3\"}]}\r\n        },\r\n        {\r\n            \"plant\": \"1821\",\r\n            \"reqDate\": \"04.01.2020\",\r\n            \"purchReq\": \"10437381\",\r\n            \"Chngd\": \"04.01.2020\",\r\n            \"releaseDate\": \"13.01.2020\",\r\n            \"matlGroup\": \"R0000A005\",\r\n            \"shortText\": \"ALUMINIUM POWDER FLAKE\",\r\n            \"Quantity\": \"250,201\",\r\n\t\t\t\"vendorList\" : {options : [{id:\"vendor1\",value:'vendor1'}  , {id:\"vendor2\",value:\"vendor2\"},{id:\"vendor3\",value:\"vendor3\"}]}\r\n        },\r\n        {\r\n            \"plant\": \"1821\",\r\n            \"reqDate\": \"04.01.2020\",\r\n            \"purchReq\": \"10437381\",\r\n            \"Chngd\": \"04.01.2020\",\r\n            \"releaseDate\": \"13.01.2020\",\r\n            \"matlGroup\": \"R0000A005\",\r\n            \"shortText\": \"ALUMINIUM POWDER ATOMISED PURITY MIN 98%\",\r\n            \"Quantity\": \"147,894.49\",\r\n\t\t\t\"vendorList\" : {options : [{id:\"vendor1\",value:'vendor1'}  , {id:\"vendor2\",value:\"vendor2\"},{id:\"vendor3\",value:\"vendor3\"}]}\r\n        },\r\n        {\r\n            \"plant\": \"1821\",\r\n            \"reqDate\": \"04.01.2020\",\r\n            \"purchReq\": \"10437381\",\r\n            \"Chngd\": \"04.01.2020\",\r\n            \"releaseDate\": \"13.01.2020\",\r\n            \"matlGroup\": \"R0000G001\",\r\n            \"shortText\": \"GUAR GUM (OXIDISED)\",\r\n            \"Quantity\": \"44,918.90\",\r\n\t\t\t\"vendorList\" : {options : [{id:\"vendor1\",value:'vendor1'}  , {id:\"vendor2\",value:\"vendor2\"},{id:\"vendor3\",value:\"vendor3\"}]}\r\n        },\r\n        {\r\n            \"plant\": \"1821\",\r\n            \"reqDate\": \"04.01.2020\",\r\n            \"purchReq\": \"10437381\",\r\n            \"Chngd\": \"04.01.2020\",\r\n            \"releaseDate\": \"13.01.2020\",\r\n            \"matlGroup\": \"R0000A018\",\r\n            \"shortText\": \"HIGUM 673\",\r\n            \"Quantity\": \"96,389.90\",\r\n\t\t\t\"vendorList\" : {options : [{id:\"vendor1\",value:'vendor1'}  , {id:\"vendor2\",value:\"vendor2\"},{id:\"vendor3\",value:\"vendor3\"}]}\r\n        },\r\n        {\r\n            \"plant\": \"1821\",\r\n            \"reqDate\": \"04.01.2020\",\r\n            \"purchReq\": \"10437381\",\r\n            \"Chngd\": \"04.01.2020\",\r\n            \"releaseDate\": \"13.01.2020\",\r\n            \"matlGroup\": \"R0000T002\",\r\n            \"shortText\": \"THIOUREA\",\r\n            \"Quantity\": \"16,388.40\",\r\n\t\t\t\"vendorList\" : {options : [{id:\"vendor1\",value:'vendor1'}  , {id:\"vendor2\",value:\"vendor2\"},{id:\"vendor3\",value:\"vendor3\"}]}\r\n        },\r\n        {\r\n            \"plant\": \"1821\",\r\n            \"reqDate\": \"04.01.2020\",\r\n            \"purchReq\": \"10437381\",\r\n            \"Chngd\": \"04.01.2020\",\r\n            \"releaseDate\": \"13.01.2020\",\r\n            \"matlGroup\": \"R0000S001\",\r\n            \"shortText\": \"S.H.M.P.\",\r\n            \"Quantity\": \"4,503.38\",\r\n\t\t\t\"vendorList\" : {options : [{id:\"vendor1\",value:'vendor1'}  , {id:\"vendor2\",value:\"vendor2\"},{id:\"vendor3\",value:\"vendor3\"}]}\r\n        },\r\n        {\r\n            \"plant\": \"1821\",\r\n            \"reqDate\": \"04.01.2020\",\r\n            \"purchReq\": \"10437381\",\r\n            \"Chngd\": \"04.01.2020\",\r\n            \"releaseDate\": \"13.01.2020\",\r\n            \"matlGroup\": \"R0000S004\",\r\n            \"shortText\": \"SODIUM DICHROMATE\",\r\n            \"Quantity\": \"4,704.60\",\r\n\t\t\t\"vendorList\" : {options : [{id:\"vendor1\",value:'vendor1'}  , {id:\"vendor2\",value:\"vendor2\"},{id:\"vendor3\",value:\"vendor3\"}]}\r\n        },\r\n        {\r\n            \"plant\": \"1821\",\r\n            \"reqDate\": \"04.01.2020\",\r\n            \"purchReq\": \"10437381\",\r\n            \"Chngd\": \"04.01.2020\",\r\n            \"releaseDate\": \"13.01.2020\",\r\n            \"matlGroup\": \"R0000S030\",\r\n            \"shortText\": \"SALT\",\r\n            \"Quantity\": \"58,190\",\r\n\t\t\t\"vendorList\" : {options : [{id:\"vendor1\",value:'vendor1'}  , {id:\"vendor2\",value:\"vendor2\"},{id:\"vendor3\",value:\"vendor3\"}]}\r\n        },\r\n        {\r\n            \"plant\": \"1821\",\r\n            \"reqDate\": \"04.01.2020\",\r\n            \"purchReq\": \"10437381\",\r\n            \"Chngd\": \"04.01.2020\",\r\n            \"releaseDate\": \"13.01.2020\",\r\n            \"matlGroup\": \"R0000P004\",\r\n            \"shortText\": \"PARAFFIN OIL (LL)\",\r\n            \"Quantity\": \"4.08\",\r\n\t\t\t\"vendorList\" : {options : [{id:\"vendor1\",value:'vendor1'}  , {id:\"vendor2\",value:\"vendor2\"},{id:\"vendor3\",value:\"vendor3\"}]}\r\n        },\r\n        {\r\n            \"plant\": \"1821\",\r\n            \"reqDate\": \"04.01.2020\",\r\n            \"purchReq\": \"10437381\",\r\n            \"Chngd\": \"04.01.2020\",\r\n            \"releaseDate\": \"13.01.2020\",\r\n            \"matlGroup\": \"R0000W001\",\r\n            \"shortText\": \"PARAFFIN WAX\",\r\n            \"Quantity\": \"165,327.21\",\r\n\t\t\t\"vendorList\" : {options : [{id:\"vendor1\",value:'vendor1'}  , {id:\"vendor2\",value:\"vendor2\"},{id:\"vendor3\",value:\"vendor3\"}]}\r\n        },\r\n        {\r\n            \"plant\": \"1821\",\r\n            \"reqDate\": \"04.01.2020\",\r\n            \"purchReq\": \"10437381\",\r\n            \"Chngd\": \"04.01.2020\",\r\n            \"releaseDate\": \"13.01.2020\",\r\n            \"matlGroup\": \"R0000W001\",\r\n            \"shortText\": \"SLACK WAX\",\r\n            \"Quantity\": \"115,133.52\",\r\n\t\t\t\"vendorList\" : {options : [{id:\"vendor1\",value:'vendor1'}  , {id:\"vendor2\",value:\"vendor2\"},{id:\"vendor3\",value:\"vendor3\"}]}\r\n        },\r\n        {\r\n            \"plant\": \"1821\",\r\n            \"reqDate\": \"04.01.2020\",\r\n            \"purchReq\": \"10437381\",\r\n            \"Chngd\": \"04.01.2020\",\r\n            \"releaseDate\": \"13.01.2020\",\r\n            \"matlGroup\": \"R0000W001\",\r\n            \"shortText\": \"M.C.WAX\",\r\n            \"Quantity\": \"2,589.59\",\r\n\t\t\t\"vendorList\" : {options : [{id:\"vendor1\",value:'vendor1'}  , {id:\"vendor2\",value:\"vendor2\"},{id:\"vendor3\",value:\"vendor3\"}]}\r\n        },\r\n        {\r\n            \"plant\": \"1821\",\r\n            \"reqDate\": \"04.01.2020\",\r\n            \"purchReq\": \"10437381\",\r\n            \"Chngd\": \"04.01.2020\",\r\n            \"releaseDate\": \"13.01.2020\",\r\n            \"matlGroup\": \"R0000P008\",\r\n            \"shortText\": \"POLY ISO BUTENE (PIB)\",\r\n            \"Quantity\": \"3,209.94\",\r\n\t\t\t\"vendorList\" : {options : [{id:\"vendor1\",value:'vendor1'}  , {id:\"vendor2\",value:\"vendor2\"},{id:\"vendor3\",value:\"vendor3\"}]}\r\n        },\r\n        {\r\n            \"plant\": \"1821\",\r\n            \"reqDate\": \"04.01.2020\",\r\n            \"purchReq\": \"10437381\",\r\n            \"Chngd\": \"04.01.2020\",\r\n            \"releaseDate\": \"13.01.2020\",\r\n            \"matlGroup\": \"R0000R007\",\r\n            \"shortText\": \"RUBBER COMPOUND (N.R.L)\",\r\n            \"Quantity\": \"677.5\",\r\n\t\t\t\"vendorList\" : {options : [{id:\"vendor1\",value:'vendor1'}  , {id:\"vendor2\",value:\"vendor2\"},{id:\"vendor3\",value:\"vendor3\"}]}\r\n        },\r\n        {\r\n            \"plant\": \"1821\",\r\n            \"reqDate\": \"04.01.2020\",\r\n            \"purchReq\": \"10437381\",\r\n            \"Chngd\": \"04.01.2020\",\r\n            \"releaseDate\": \"13.01.2020\",\r\n            \"matlGroup\": \"R0000H005\",\r\n            \"shortText\": \"HEAVY OIL\",\r\n            \"Quantity\": \"200,652.82\",\r\n\t\t\t\"vendorList\" : {options : [{id:\"vendor1\",value:'vendor1'}  , {id:\"vendor2\",value:\"vendor2\"},{id:\"vendor3\",value:\"vendor3\"}]}\r\n        },\r\n        {\r\n            \"plant\": \"1821\",\r\n            \"reqDate\": \"04.01.2020\",\r\n            \"purchReq\": \"10437381\",\r\n            \"Chngd\": \"04.01.2020\",\r\n            \"releaseDate\": \"13.01.2020\",\r\n            \"matlGroup\": \"R0000D004\",\r\n            \"shortText\": \"D.E.A. (IN GI DRUMS)\",\r\n            \"Quantity\": \"10,592.11\",\r\n\t\t\t\"vendorList\" : {options : [{id:\"vendor1\",value:'vendor1'}  , {id:\"vendor2\",value:\"vendor2\"},{id:\"vendor3\",value:\"vendor3\"}]}\r\n        },\r\n        {\r\n            \"plant\": \"1821\",\r\n            \"reqDate\": \"04.01.2020\",\r\n            \"purchReq\": \"10437381\",\r\n            \"Chngd\": \"04.01.2020\",\r\n            \"releaseDate\": \"13.01.2020\",\r\n            \"matlGroup\": \"R0000F004\",\r\n            \"shortText\": \"FURNACE OIL (Kg)\",\r\n            \"Quantity\": \"63,788\",\r\n\t\t\t\"vendorList\" : {options : [{id:\"vendor1\",value:'vendor1'}  , {id:\"vendor2\",value:\"vendor2\"},{id:\"vendor3\",value:\"vendor3\"}]}\r\n        },\r\n        {\r\n            \"plant\": \"1821\",\r\n            \"reqDate\": \"04.01.2020\",\r\n            \"purchReq\": \"10437381\",\r\n            \"Chngd\": \"04.01.2020\",\r\n            \"releaseDate\": \"13.01.2020\",\r\n            \"matlGroup\": \"R0000R001\",\r\n            \"shortText\": \"RHODAMINE RED DYE\",\r\n            \"Quantity\": \"27.686\",\r\n\t\t\t\"vendorList\" : {options : [{id:\"vendor1\",value:'vendor1'}  , {id:\"vendor2\",value:\"vendor2\"},{id:\"vendor3\",value:\"vendor3\"}]}\r\n        },\r\n        {\r\n            \"plant\": \"1821\",\r\n            \"reqDate\": \"04.01.2020\",\r\n            \"purchReq\": \"10437381\",\r\n            \"Chngd\": \"04.01.2020\",\r\n            \"releaseDate\": \"13.01.2020\",\r\n            \"matlGroup\": \"R0000E001\",\r\n            \"shortText\": \"EMDILITE DM-45\",\r\n            \"Quantity\": \"695.625\",\r\n\t\t\t\"vendorList\" : {options : [{id:\"vendor1\",value:'vendor1'}  , {id:\"vendor2\",value:\"vendor2\"},{id:\"vendor3\",value:\"vendor3\"}]}\r\n        },\r\n        {\r\n            \"plant\": \"1832\",\r\n            \"reqDate\": \"28.01.2020\",\r\n            \"purchReq\": \"10438685\",\r\n            \"Chngd\": \"28.01.2020\",\r\n            \"releaseDate\": \"30.01.2020\",\r\n            \"matlGroup\": \"R0000A009\",\r\n            \"shortText\": \"A.N.Crystalline(Converted from A.N.MELT)\",\r\n            \"Quantity\": \"74,013,108.68\",\r\n\t\t\t\"vendorList\" : {options : [{id:\"vendor1\",value:'vendor1'}  , {id:\"vendor2\",value:\"vendor2\"},{id:\"vendor3\",value:\"vendor3\"}]}\r\n        },\r\n        {\r\n            \"plant\": \"1832\",\r\n            \"reqDate\": \"28.01.2020\",\r\n            \"purchReq\": \"10438686\",\r\n            \"Chngd\": \"28.01.2020\",\r\n            \"releaseDate\": \"30.01.2020\",\r\n            \"matlGroup\": \"R0000C009\",\r\n            \"shortText\": \"CALCIUM NITRATE MELT\",\r\n            \"Quantity\": \"10,018,774.29\",\r\n\t\t\t\"vendorList\" : {options : [{id:\"vendor1\",value:'vendor1'}  , {id:\"vendor2\",value:\"vendor2\"},{id:\"vendor3\",value:\"vendor3\"}]}\r\n        },\r\n        {\r\n            \"plant\": \"1832\",\r\n            \"reqDate\": \"28.01.2020\",\r\n            \"purchReq\": \"10438687\",\r\n            \"Chngd\": \"28.01.2020\",\r\n            \"releaseDate\": \"30.01.2020\",\r\n            \"matlGroup\": \"R0000S018\",\r\n            \"shortText\": \"SULPHAMIC ACID\",\r\n            \"Quantity\": \"1,843.43\",\r\n\t\t\t\"vendorList\" : {options : [{id:\"vendor1\",value:'vendor1'}  , {id:\"vendor2\",value:\"vendor2\"},{id:\"vendor3\",value:\"vendor3\"}]}\r\n        },\r\n        {\r\n            \"plant\": \"1832\",\r\n            \"reqDate\": \"28.01.2020\",\r\n            \"purchReq\": \"10438689\",\r\n            \"Chngd\": \"28.01.2020\",\r\n            \"releaseDate\": \"30.01.2020\",\r\n            \"matlGroup\": \"R0000S009\",\r\n            \"shortText\": \"SORBITAN MONO OLEATE (SMO)\",\r\n            \"Quantity\": \"1,121,185.25\",\r\n\t\t\t\"vendorList\" : {options : [{id:\"vendor1\",value:'vendor1'}  , {id:\"vendor2\",value:\"vendor2\"},{id:\"vendor3\",value:\"vendor3\"}]}\r\n        },\r\n        {\r\n            \"plant\": \"1832\",\r\n            \"reqDate\": \"28.01.2020\",\r\n            \"purchReq\": \"10438690\",\r\n            \"Chngd\": \"28.01.2020\",\r\n            \"releaseDate\": \"30.01.2020\",\r\n            \"matlGroup\": \"R0000F004\",\r\n            \"shortText\": \"FURNACE OIL (Kg)\",\r\n            \"Quantity\": \"3,968,291.87\",\r\n\t\t\t\"vendorList\" : {options : [{id:\"vendor1\",value:'vendor1'}  , {id:\"vendor2\",value:\"vendor2\"},{id:\"vendor3\",value:\"vendor3\"}]}\r\n        },\r\n        {\r\n            \"plant\": \"1832\",\r\n            \"reqDate\": \"28.01.2020\",\r\n            \"purchReq\": \"10438695\",\r\n            \"Chngd\": \"28.01.2020\",\r\n            \"releaseDate\": \"30.01.2020\",\r\n            \"matlGroup\": \"R0000A009\",\r\n            \"shortText\": \"A.N.MELT\",\r\n            \"Quantity\": \"218,202\",\r\n\t\t\t\"vendorList\" : {options : [{id:\"vendor1\",value:'vendor1'}  , {id:\"vendor2\",value:\"vendor2\"},{id:\"vendor3\",value:\"vendor3\"}]}\r\n        },\r\n        {\r\n            \"plant\": \"1832\",\r\n            \"reqDate\": \"28.01.2020\",\r\n            \"purchReq\": \"10438696\",\r\n            \"Chngd\": \"28.01.2020\",\r\n            \"releaseDate\": \"30.01.2020\",\r\n            \"matlGroup\": \"R0000A009\",\r\n            \"shortText\": \"A.N.MELT\",\r\n            \"Quantity\": \"537,300\",\r\n\t\t\t\"vendorList\" : {options : [{id:\"vendor1\",value:'vendor1'}  , {id:\"vendor2\",value:\"vendor2\"},{id:\"vendor3\",value:\"vendor3\"}]}\r\n        },\r\n        {\r\n            \"plant\": \"1832\",\r\n            \"reqDate\": \"28.01.2020\",\r\n            \"purchReq\": \"10438697\",\r\n            \"Chngd\": \"28.01.2020\",\r\n            \"releaseDate\": \"30.01.2020\",\r\n            \"matlGroup\": \"R0000A009\",\r\n            \"shortText\": \"A.N.MELT\",\r\n            \"Quantity\": \"521,000\",\r\n\t\t\t\"vendorList\" : {options : [{id:\"vendor1\",value:'vendor1'}  , {id:\"vendor2\",value:\"vendor2\"},{id:\"vendor3\",value:\"vendor3\"}]}\r\n        },\r\n        {\r\n            \"plant\": \"1832\",\r\n            \"reqDate\": \"28.01.2020\",\r\n            \"purchReq\": \"10438698\",\r\n            \"Chngd\": \"28.01.2020\",\r\n            \"releaseDate\": \"30.01.2020\",\r\n            \"matlGroup\": \"R0000A009\",\r\n            \"shortText\": \"A.N.MELT\",\r\n            \"Quantity\": \"483,500\",\r\n\t\t\t\"vendorList\" : {options : [{id:\"vendor1\",value:'vendor1'}  , {id:\"vendor2\",value:\"vendor2\"},{id:\"vendor3\",value:\"vendor3\"}]}\r\n        },\r\n        {\r\n            \"plant\": \"1832\",\r\n            \"reqDate\": \"28.01.2020\",\r\n            \"purchReq\": \"10438699\",\r\n            \"Chngd\": \"28.01.2020\",\r\n            \"releaseDate\": \"30.01.2020\",\r\n            \"matlGroup\": \"R0000A009\",\r\n            \"shortText\": \"A.N.MELT\",\r\n            \"Quantity\": \"662,878\",\r\n\t\t\t\"vendorList\" : {options : [{id:\"vendor1\",value:'vendor1'}  , {id:\"vendor2\",value:\"vendor2\"},{id:\"vendor3\",value:\"vendor3\"}]}\r\n        }\r\n    ]\r\n",
      "exposed" : false
    },
    "selectedrow" : {
      "type" : "expression",
      "value" : "",
      "exposed" : false
    }
  },
  "hasValidationError" : false,
  "uuid" : "60db238f-73b6-49b9-94cb-df518b56a9a2",
  "type" : "page",
  "description" : "Page generated with Bonita UI designer"
}