{
  "designerVersion" : "1.7.59",
  "id" : "customTest",
  "name" : "test",
  "lastUpdate" : 1532339765535,
  "template" : "<!-- The custom widget template is defined here\n   - You can use standard HTML tags and AngularJS built-in directives, scope and interpolation system\n   - Custom widget properties defined on the right can be used as variables in a templates with properties.newProperty\n   - Functions exposed in the controller can be used with ctrl.newFunction()\n   - You can use the 'environment' property injected in the scope when inside the Editor whiteboard. It allows to define a mockup\n     of the Custom Widget to be displayed in the whiteboard only. By default the widget is represented by an auto-generated icon\n     and its name (See the <span> below).\n-->\n \n<span ng-if=\"environment\"><identicon name=\"{{environment.component.id}}\" size=\"30\" background-color=\"[255,255,255, 0]\" foreground-color=\"[51,51,51]\"></identicon> {{environment.component.name}}</span>\n\n<div style=\"color: {{ properties.color }}; background-color: {{ backgroudColor }}\" ng-click=\"ctrl.toggleBackgroundColor()\">\n    Value is:  <i>{{ properties.value }}</i>. Click me to toggle background color\n</div>",
  "controller" : "/**\n * The controller is a JavaScript function that augments the AngularJS scope and exposes functions that can be used in the custom widget template\n * \n * Custom widget properties defined on the right can be used as variables in a controller with $scope.properties\n * To use AngularJS standard services, you must declare them in the main function arguments.\n * \n * You can leave the controller empty if you do not need it.\n */\nfunction ($scope) {\n    var white = 'white';\n    \n    // add a new variable in AngularJS scope. It'll be usable in the template directly with {{ backgroudColor }} \n    $scope.backgroudColor = white;\n    \n    // define a function to be used in template with ctrl.toggleBackgroundColor()\n    this.toggleBackgroundColor = function() {\n        if ($scope.backgroudColor === white) {\n           // use the custom widget property backgroudColor with $scope.properties.backgroudColor\n            $scope.backgroudColor = $scope.properties.background;\n        } else {\n            $scope.backgroudColor = white;\n        }\n    };\n}",
  "custom" : true,
  "properties" : [ {
    "label" : "Value",
    "name" : "value",
    "type" : "text",
    "defaultValue" : "This is the initial value",
    "bond" : "expression"
  }, {
    "label" : "Color",
    "name" : "color",
    "type" : "choice",
    "defaultValue" : "RebeccaPurple",
    "choiceValues" : [ "RebeccaPurple", "Chartreuse", "Tomato", "DeepSkyBlue" ],
    "bond" : "expression"
  }, {
    "label" : "Background color on click",
    "name" : "background",
    "type" : "choice",
    "defaultValue" : "Yellow",
    "choiceValues" : [ "Yellow", "LightGray" ],
    "bond" : "expression"
  } ],
  "assets" : [ ],
  "requiredModules" : [ ],
  "type" : "widget",
  "hasHelp" : false
}