{
  "designerVersion" : "1.5.51",
  "id" : "ae62a4d2-bb79-4568-b194-a139362c535a",
  "name" : "amerenDashboard",
  "type" : "page",
  "lastUpdate" : 1531147096573,
  "rows" : [ [ {
    "type" : "container",
    "dimension" : {
      "xs" : 12
    },
    "propertyValues" : {
      "cssClasses" : {
        "type" : "constant",
        "value" : ""
      },
      "hidden" : {
        "type" : "constant",
        "value" : false
      },
      "repeatedCollection" : {
        "type" : "variable"
      }
    },
    "reference" : "136db8a2-df32-41bd-b5fb-18816fb27fc0",
    "id" : "pbContainer",
    "rows" : [ [ {
      "type" : "component",
      "dimension" : {
        "xs" : 12
      },
      "propertyValues" : {
        "cssClasses" : {
          "type" : "constant",
          "value" : ""
        },
        "hidden" : {
          "type" : "constant",
          "value" : false
        },
        "text" : {
          "type" : "interpolation",
          "value" : "My Requests"
        },
        "level" : {
          "type" : "constant",
          "value" : "Level 2"
        },
        "alignment" : {
          "type" : "constant",
          "value" : "left"
        }
      },
      "reference" : "2edc2242-7f17-4a1d-8370-32132c467a1e",
      "id" : "pbTitle"
    } ], [ {
      "type" : "container",
      "dimension" : {
        "xs" : 10
      },
      "propertyValues" : {
        "cssClasses" : {
          "type" : "constant",
          "value" : ""
        },
        "hidden" : {
          "type" : "constant",
          "value" : false
        },
        "repeatedCollection" : {
          "type" : "variable"
        }
      },
      "reference" : "0e2ab307-38b8-4cce-b3b2-0912531fba4c",
      "id" : "pbContainer",
      "rows" : [ [ ] ]
    }, {
      "type" : "component",
      "dimension" : {
        "xs" : 2
      },
      "propertyValues" : {
        "cssClasses" : {
          "type" : "constant",
          "value" : ""
        },
        "hidden" : {
          "type" : "constant",
          "value" : false
        },
        "text" : {
          "type" : "interpolation",
          "value" : "+ New Request"
        },
        "type" : {
          "type" : "constant",
          "value" : "URL"
        },
        "targetUrl" : {
          "type" : "expression",
          "value" : "getPMDEProcessStartUrl"
        },
        "pageToken" : {
          "type" : "constant"
        },
        "processName" : {
          "type" : "constant"
        },
        "processVersion" : {
          "type" : "constant"
        },
        "taskId" : {
          "type" : "constant"
        },
        "caseId" : {
          "type" : "constant"
        },
        "target" : {
          "type" : "constant",
          "value" : "_self"
        },
        "appToken" : {
          "type" : "constant"
        },
        "urlParams" : {
          "type" : "constant"
        },
        "alignment" : {
          "type" : "constant",
          "value" : "right"
        },
        "buttonStyle" : {
          "type" : "constant",
          "value" : "primary"
        }
      },
      "reference" : "495fe97a-1eae-4fb0-8952-1de30d723e99",
      "id" : "pbLink"
    } ], [ {
      "type" : "component",
      "dimension" : {
        "xs" : 12
      },
      "propertyValues" : {
        "cssClasses" : {
          "type" : "constant",
          "value" : ""
        },
        "hidden" : {
          "type" : "expression",
          "value" : "getGridDataAPI == null"
        },
        "value" : {
          "type" : "constant",
          "value" : "This is the initial value"
        },
        "color" : {
          "type" : "constant",
          "value" : "RebeccaPurple"
        },
        "background" : {
          "type" : "constant",
          "value" : "Yellow"
        },
        "columns" : {
          "type" : "constant"
        },
        "values" : {
          "type" : "expression",
          "value" : "getGridDataAPI"
        },
        "ajaxUrl" : {
          "type" : "expression",
          "value" : "ajaxUrl"
        },
        "userId" : {
          "type" : "expression",
          "value" : "userInfoUrl"
        },
        "userInfoUrl" : {
          "type" : "expression",
          "value" : "userInfoUrl"
        }
      },
      "reference" : "e51c1a28-87fa-4a4a-b068-a9876615d96a",
      "id" : "customTableWidgit2"
    } ] ]
  } ] ],
  "assets" : [ {
    "id" : "17fd824f-6d06-4275-a049-4d8ca0bee8ea",
    "name" : "Green Checkmark.gif",
    "type" : "img",
    "order" : 2,
    "external" : false
  }, {
    "id" : "58292332-518c-43dd-be4e-6e289c0bd111",
    "name" : "Red Line.gif",
    "type" : "img",
    "order" : 1,
    "external" : false
  }, {
    "id" : "35c3ae95-a4e8-4345-ac7a-d87b58b02069",
    "name" : "style.css",
    "type" : "css",
    "order" : 0,
    "external" : false
  } ],
  "inactiveAssets" : [ ],
  "data" : {
    "pMDEProcess" : {
      "type" : "url",
      "value" : "/bonita/API/bpm/process?c=1&p=0&f=name=Personal%20Mobile%20Device%20Enrollment&o=deploymentDate",
      "exposed" : false
    },
    "getPMDEProcessStartUrl" : {
      "type" : "expression",
      "value" : "if($data.pMDEProcess&&$data.pMDEProcess.length){\n    var process=$data.pMDEProcess[0];\n    return \"/bonita/portal/resource/process/\"+encodeURI(process.name) +\"/\"+process.version+\"/content/?id=\"+process.id+\"&senderUrl=\"+window.top.location.href;\n}",
      "exposed" : false
    },
    "getGridDataAPI" : {
      "type" : "url",
      "value" : "../API/bdm/businessData/com.company.model.PMDEnrollmentReqBDM?q=findByRequestorID&p=0&c=1000000&f=requestorID={{userinfo.user_id}}",
      "exposed" : false
    },
    "userinfo" : {
      "type" : "url",
      "value" : "../API/system/session/unusedId",
      "exposed" : false
    },
    "addGridData" : {
      "type" : "expression",
      "value" : "var dataGrid=$data.getGridDataAPI;\nvar requestEnrollement=$data.getGridDataAPI.requestEnrollement;\nvar requestorStatus=$data.getGridDataAPI.requestorStatus;\nif(requestEnrollement===true){\n    requestEnrollement=\"assets/img/Red Line.gif\"\n}else{\n    requestEnrollement=\"widgets/amerenDashboard/assets/img/Green Checkmark.gif\";\n}\nvar data=[{\"requestEnrollement\":requestEnrollement,\"requestorStatus\":requestorStatus}];\nreturn data;",
      "exposed" : false
    },
    "ajaxUrl" : {
      "type" : "constant",
      "value" : "../API/bdm/businessData/com.company.model.PMDEnrollmentReqBDM?q=findByRequestorID&p=0&c=1000",
      "exposed" : false
    },
    "userId" : {
      "type" : "expression",
      "value" : "return $data.userinfo.user_id;",
      "exposed" : false
    },
    "userInfoUrl" : {
      "type" : "constant",
      "value" : "../API/system/session/unusedId",
      "exposed" : false
    }
  }
}