{
  "designerVersion" : "1.7.25",
  "previousDesignerVersion" : "1.5.7",
  "id" : "1092cf6e-cf50-476d-aaeb-45e6b6c782af",
  "name" : "autoRedirectNextTaskStep1",
  "lastUpdate" : 1532365037643,
  "rows" : [ [ {
    "type" : "component",
    "dimension" : {
      "xs" : 12
    },
    "propertyValues" : {
      "cssClasses" : {
        "type" : "constant",
        "value" : ""
      },
      "hidden" : {
        "type" : "constant",
        "value" : false
      },
      "text" : {
        "type" : "interpolation",
        "value" : "The user will be automatically redirect to next available task."
      },
      "alignment" : {
        "type" : "constant",
        "value" : "left"
      },
      "allowHTML" : {
        "type" : "constant",
        "value" : true
      }
    },
    "reference" : "3056e525-fcde-498f-9154-b810a5c51d7f",
    "id" : "pbText"
  } ], [ {
    "type" : "component",
    "dimension" : {
      "xs" : 12
    },
    "propertyValues" : {
      "cssClasses" : {
        "type" : "constant",
        "value" : ""
      },
      "widgetId" : {
        "type" : "constant",
        "value" : "pbButton"
      },
      "buttonStyle" : {
        "type" : "constant",
        "value" : "primary"
      },
      "isDisplayed" : {
        "type" : "constant",
        "value" : true
      },
      "label" : {
        "type" : "constant",
        "value" : "Submit"
      },
      "dataToSend" : {
        "type" : "variable",
        "value" : "formOutput"
      },
      "labelHidden" : {
        "type" : "constant",
        "value" : false
      },
      "readonly" : {
        "type" : "constant",
        "value" : false
      },
      "collectionPosition" : {
        "type" : "constant"
      },
      "targetUrlOnSuccess" : {
        "type" : "constant",
        "value" : ""
      },
      "action" : {
        "type" : "constant",
        "value" : "Submit task"
      },
      "collectionToModify" : {
        "type" : "variable"
      },
      "disabled" : {
        "type" : "constant",
        "value" : false
      },
      "alignment" : {
        "type" : "constant",
        "value" : "center"
      },
      "class" : {
        "type" : "constant",
        "value" : "org.bonitasoft.web.designer.experimental.parametrizedWidget.ButtonWidget"
      },
      "dimension" : {
        "type" : "constant",
        "value" : 12
      },
      "hidden" : {
        "type" : "constant",
        "value" : false
      },
      "url" : {
        "type" : "interpolation"
      },
      "dataFromSuccess" : {
        "type" : "variable",
        "value" : "answer"
      },
      "dataFromError" : {
        "type" : "variable",
        "value" : ""
      },
      "valueToAdd" : {
        "type" : "constant"
      },
      "removeItem" : {
        "type" : "variable"
      }
    },
    "reference" : "9b6f4db5-fff3-4b1a-84ad-a139a63aa3bc",
    "id" : "pbButton"
  } ], [ {
    "type" : "component",
    "dimension" : {
      "xs" : 12
    },
    "propertyValues" : {
      "cssClasses" : {
        "type" : "constant",
        "value" : ""
      },
      "hidden" : {
        "type" : "constant",
        "value" : false
      },
      "timeToWait" : {
        "type" : "constant",
        "value" : 500
      },
      "submitButtonSuccessfulResponseValue" : {
        "type" : "expression",
        "value" : "answer"
      },
      "numberOfRetries" : {
        "type" : "constant",
        "value" : 8
      },
      "bonitaWebAppName" : {
        "type" : "constant",
        "value" : "bonita"
      },
      "taskId" : {
        "type" : "expression",
        "value" : "taskId"
      },
      "messageDisplayed" : {
        "type" : "constant",
        "value" : "Searching for current user next task in current case"
      }
    },
    "reference" : "c37c6f08-3b4d-4165-91a5-5d966825f4f4",
    "id" : "customRedirectNextTask"
  } ], [ {
    "type" : "component",
    "dimension" : {
      "xs" : 12,
      "sm" : 12,
      "md" : 12,
      "lg" : 12
    },
    "propertyValues" : {
      "cssClasses" : {
        "type" : "constant",
        "value" : ""
      },
      "hidden" : {
        "type" : "constant",
        "value" : false
      },
      "allowHTML" : {
        "type" : "constant",
        "value" : true
      },
      "text" : {
        "type" : "interpolation",
        "value" : "{{answer}}"
      },
      "alignment" : {
        "type" : "constant",
        "value" : "left"
      }
    },
    "reference" : "5d89b265-ef6b-49e5-9d01-ce9705c985de",
    "id" : "pbText"
  } ] ],
  "assets" : [ {
    "id" : "b219cdc6-309c-4202-917f-275c72e4cde9",
    "name" : "style.css",
    "type" : "css",
    "order" : 1,
    "external" : false
  } ],
  "inactiveAssets" : [ ],
  "data" : {
    "formOutput" : {
      "type" : "expression",
      "value" : "return {\n\n};",
      "exposed" : false
    },
    "context" : {
      "type" : "url",
      "value" : "/bonita/API/bpm/userTask/{{taskId}}/context",
      "exposed" : false
    },
    "taskId" : {
      "type" : "urlparameter",
      "value" : "id",
      "exposed" : false
    },
    "answer" : {
      "type" : "constant",
      "exposed" : false
    },
    "flowNode" : {
      "type" : "url",
      "value" : "../API/bpm/flowNode/{{taskId}}",
      "exposed" : false
    }
  },
  "uuid" : "1092cf6e-cf50-476d-aaeb-45e6b6c782af",
  "type" : "form"
}