{
  "designerVersion" : "1.7.59",
  "id" : "customModelPopupWithPdf",
  "name" : "ModelPopupWithPdf",
  "lastUpdate" : 1533131269140,
  "template" : "\n<button type=\"button\"  class=\"btn btn-sm\" ng-click = \"showPopUp();\"><span class=\"fa fa-file-pdf-o\"></span> <b>{{properties.value}}</b></button>\n\n<div class=\"modal fade\" id=\"myModal-file\" role=\"dialog\">\n    <div class=\"modal-dialog\">\n      <!-- Modal content-->\n      <div class=\"modal-content\">\n        <!--<div class=\"modal-header\">\n          <button type=\"button\" class=\"close\" data-dismiss=\"modal\">&times;</button>\n          <h4 class=\"modal-title\">Task Assignment</h4>\n        </div>-->\n        <div class=\"modal-body\">\n        <div style =\"margin: 50px 20px;\">\n             <object data=\"{{properties.location}}\" type=\"application/pdf\" width=\"540\" height=\"500\">\n              <a href=\"{{properties.location}}\">view.pdf</a>\n             </object>\n         </div>\n        </div>\n        <div class=\"modal-footer\">\n          <center>\n          <button type=\"button\" class=\"btn btn-primary\" data-dismiss=\"modal\">OK</button>\n          </center>\n        </div>\n      </div>\n    </div>\n </div>",
  "controller" : "/**\n * The controller is a JavaScript function that augments the AngularJS scope and exposes functions that can be used in the custom widget template\n * \n * Custom widget properties defined on the right can be used as variables in a controller with $scope.properties\n * To use AngularJS standard services, you must declare them in the main function arguments.\n * \n * You can leave the controller empty if you do not need it.\n */\nfunction ($scope) {\n    \n    $scope.showPopUp = function() {\n       $('#myModal-file').modal('show');\n    };\n    \n}",
  "custom" : true,
  "properties" : [ {
    "label" : "Value",
    "name" : "value",
    "type" : "text",
    "defaultValue" : "This is the initial value",
    "bond" : "expression"
  }, {
    "label" : "Color",
    "name" : "color",
    "type" : "choice",
    "defaultValue" : "RebeccaPurple",
    "choiceValues" : [ "RebeccaPurple", "Chartreuse", "Tomato", "DeepSkyBlue" ],
    "bond" : "expression"
  }, {
    "label" : "Background color on click",
    "name" : "background",
    "type" : "choice",
    "defaultValue" : "Yellow",
    "choiceValues" : [ "Yellow", "LightGray" ],
    "bond" : "expression"
  }, {
    "label" : "Location",
    "name" : "location",
    "type" : "text",
    "bond" : "expression"
  } ],
  "assets" : [ {
    "id" : "810648c2-6ef8-4b99-8c1f-338eb0540766",
    "name" : "https://maxcdn.bootstrapcdn.com/bootstrap/3.3.7/js/bootstrap.min.js",
    "type" : "js",
    "order" : 3,
    "external" : true
  }, {
    "id" : "912035e1-7f2c-4af2-a6a5-ec83449b7f6f",
    "name" : "https://ajax.googleapis.com/ajax/libs/jquery/3.3.1/jquery.min.js",
    "type" : "js",
    "order" : 2,
    "external" : true
  }, {
    "id" : "8ae2bc54-bd8d-4612-9652-65f523bec0da",
    "name" : "https://maxcdn.bootstrapcdn.com/bootstrap/3.3.7/css/bootstrap.min.css",
    "type" : "css",
    "order" : 1,
    "external" : true
  }, {
    "id" : "797d6da5-ec85-4f40-af7d-78c5c9cdfffe",
    "name" : "https://cdnjs.cloudflare.com/ajax/libs/font-awesome/4.7.0/css/font-awesome.min.css",
    "type" : "css",
    "order" : 4,
    "external" : true
  } ],
  "requiredModules" : [ ],
  "type" : "widget",
  "hasHelp" : false
}