{
  "designerVersion" : "1.7.49",
  "id" : "step1Form",
  "name" : "step1Form",
  "lastUpdate" : 1533047304114,
  "rows" : [ [ {
    "type" : "container",
    "dimension" : {
      "xs" : 12
    },
    "propertyValues" : { },
    "reference" : "e4b3fb6c-9b59-4cd7-9ac4-cea5eeead105",
    "id" : "pbContainer",
    "rows" : [ [ {
      "type" : "component",
      "dimension" : {
        "xs" : 12
      },
      "propertyValues" : {
        "labelHidden" : {
          "type" : "constant",
          "value" : false
        },
        "readonly" : {
          "type" : "constant",
          "value" : false
        },
        "level" : {
          "type" : "constant",
          "value" : "Level 1"
        },
        "cssClasses" : {
          "type" : "constant",
          "value" : ""
        },
        "widgetId" : {
          "type" : "constant",
          "value" : "pbTitle"
        },
        "isDisplayed" : {
          "type" : "constant",
          "value" : true
        },
        "label" : {
          "type" : "interpolation"
        },
        "text" : {
          "type" : "interpolation",
          "value" : "{{ task.displayName }}"
        },
        "alignment" : {
          "type" : "constant",
          "value" : "center"
        },
        "class" : {
          "type" : "constant",
          "value" : "org.bonitasoft.web.designer.experimental.parametrizedWidget.TitleWidget"
        },
        "dimension" : {
          "type" : "constant",
          "value" : 12
        },
        "hidden" : {
          "type" : "constant",
          "value" : true
        }
      },
      "reference" : "7e666894-4935-4c88-a1ab-d9ede3698cf2",
      "id" : "pbTitle"
    } ], [ {
      "type" : "component",
      "dimension" : {
        "xs" : 12
      },
      "propertyValues" : {
        "labelHidden" : {
          "type" : "constant",
          "value" : false
        },
        "readonly" : {
          "type" : "constant",
          "value" : false
        },
        "cssClasses" : {
          "type" : "constant",
          "value" : ""
        },
        "widgetId" : {
          "type" : "constant",
          "value" : "pbText"
        },
        "isDisplayed" : {
          "type" : "constant",
          "value" : true
        },
        "label" : {
          "type" : "interpolation"
        },
        "text" : {
          "type" : "interpolation",
          "value" : "{{ task.displayDescription }}"
        },
        "alignment" : {
          "type" : "constant",
          "value" : "left"
        },
        "class" : {
          "type" : "constant",
          "value" : "org.bonitasoft.web.designer.experimental.parametrizedWidget.TextWidget"
        },
        "dimension" : {
          "type" : "constant",
          "value" : 12
        },
        "hidden" : {
          "type" : "constant",
          "value" : false
        },
        "allowHTML" : {
          "type" : "constant",
          "value" : true
        }
      },
      "reference" : "4af621c3-7693-4023-8f5b-3db2580271f3",
      "id" : "pbText"
    } ] ]
  } ], [ {
    "type" : "fragment",
    "dimension" : {
      "xs" : 12,
      "sm" : 12,
      "md" : 12,
      "lg" : 12
    },
    "propertyValues" : {
      "cssClasses" : {
        "type" : "constant",
        "value" : ""
      },
      "hidden" : {
        "type" : "constant",
        "value" : false
      }
    },
    "reference" : "ba4c3c61-2066-4e50-8718-e6743a047422",
    "id" : "titleFragment",
    "binding" : { }
  } ], [ {
    "type" : "container",
    "dimension" : {
      "xs" : 12,
      "sm" : 12,
      "md" : 12,
      "lg" : 12
    },
    "propertyValues" : {
      "cssClasses" : {
        "type" : "constant",
        "value" : ""
      },
      "hidden" : {
        "type" : "constant",
        "value" : false
      },
      "repeatedCollection" : {
        "type" : "variable",
        "value" : ""
      }
    },
    "reference" : "dd9825d8-e866-4696-9e16-48b3001dd6b7",
    "id" : "pbContainer",
    "rows" : [ [ {
      "type" : "component",
      "dimension" : {
        "xs" : 12,
        "sm" : 12,
        "md" : 12,
        "lg" : 12
      },
      "propertyValues" : {
        "cssClasses" : {
          "type" : "constant",
          "value" : ""
        },
        "hidden" : {
          "type" : "constant",
          "value" : false
        },
        "value" : {
          "type" : "constant",
          "value" : "This is the initial value"
        },
        "color" : {
          "type" : "constant",
          "value" : "RebeccaPurple"
        },
        "background" : {
          "type" : "constant",
          "value" : "Yellow"
        },
        "currentStep" : {
          "type" : "constant",
          "value" : 2
        }
      },
      "reference" : "46dd508d-f980-493d-a124-c0b747d535c4",
      "id" : "customProcessFlow"
    } ] ]
  } ], [ {
    "type" : "formContainer",
    "dimension" : {
      "xs" : 12
    },
    "propertyValues" : {
      "cssClasses" : {
        "type" : "constant",
        "value" : ""
      },
      "hidden" : {
        "type" : "constant",
        "value" : false
      }
    },
    "reference" : "c6496c09-7110-4a70-b94e-d74b5f1d74aa",
    "id" : "pbFormContainer",
    "container" : {
      "type" : "container",
      "dimension" : {
        "xs" : 12
      },
      "propertyValues" : { },
      "reference" : "ccb3d15b-88db-4f5c-b605-dba3d7196233",
      "id" : "pbContainer",
      "rows" : [ [ {
        "type" : "component",
        "dimension" : {
          "xs" : 5
        },
        "propertyValues" : {
          "cssClasses" : {
            "type" : "constant",
            "value" : ""
          },
          "hidden" : {
            "type" : "constant",
            "value" : false
          },
          "text" : {
            "type" : "interpolation",
            "value" : "What is your current professional position?"
          },
          "level" : {
            "type" : "constant",
            "value" : "Level 4"
          },
          "alignment" : {
            "type" : "constant",
            "value" : "left"
          }
        },
        "reference" : "415cd79d-7fb0-42bd-a04f-92a843c8b389",
        "id" : "pbTitle"
      } ], [ {
        "type" : "component",
        "dimension" : {
          "xs" : 12
        },
        "propertyValues" : {
          "cssClasses" : {
            "type" : "constant",
            "value" : ""
          },
          "hidden" : {
            "type" : "constant",
            "value" : false
          },
          "disabled" : {
            "type" : "constant",
            "value" : false
          },
          "required" : {
            "type" : "constant",
            "value" : false
          },
          "labelHidden" : {
            "type" : "constant",
            "value" : false
          },
          "label" : {
            "type" : "interpolation",
            "value" : "PHYSICIAN Applicants (reference type):"
          },
          "labelPosition" : {
            "type" : "constant",
            "value" : "top"
          },
          "labelWidth" : {
            "type" : "constant",
            "value" : 4
          },
          "inline" : {
            "type" : "constant",
            "value" : false
          },
          "availableValues" : {
            "type" : "constant",
            "value" : [ "Dep/Div Chair", "Section/Specialty Chair", "Partner -CURRENT", "Partner - PREVIOUS", "Program Director", "Referal/Consultant", "Colleague", "Other" ]
          },
          "displayedKey" : {
            "type" : "constant"
          },
          "returnedKey" : {
            "type" : "constant"
          },
          "selectedValue" : {
            "type" : "variable",
            "value" : "formInput.referenceType"
          }
        },
        "reference" : "401224a5-dd80-42fc-a28c-0eb63c66bdcc",
        "id" : "pbRadioButtons"
      } ], [ {
        "type" : "component",
        "dimension" : {
          "xs" : 12,
          "sm" : 12,
          "md" : 12,
          "lg" : 12
        },
        "propertyValues" : {
          "cssClasses" : {
            "type" : "constant",
            "value" : ""
          },
          "hidden" : {
            "type" : "constant",
            "value" : false
          },
          "disabled" : {
            "type" : "constant",
            "value" : false
          },
          "required" : {
            "type" : "constant",
            "value" : false
          },
          "labelHidden" : {
            "type" : "constant",
            "value" : false
          },
          "label" : {
            "type" : "interpolation",
            "value" : "ALLIED HEALTH Applicants (reference type):"
          },
          "labelPosition" : {
            "type" : "constant",
            "value" : "top"
          },
          "labelWidth" : {
            "type" : "constant",
            "value" : 4
          },
          "inline" : {
            "type" : "constant",
            "value" : false
          },
          "availableValues" : {
            "type" : "constant",
            "value" : [ "Sponsoring Physician", "Clinical Supervisor", "Colleague", "Other" ]
          },
          "displayedKey" : {
            "type" : "constant"
          },
          "returnedKey" : {
            "type" : "constant"
          },
          "selectedValue" : {
            "type" : "variable",
            "value" : "formInput.alliedReferenceType"
          }
        },
        "reference" : "b959ab32-a82c-4cc0-a3a9-c38caea951b1",
        "id" : "pbRadioButtons"
      } ], [ {
        "type" : "component",
        "dimension" : {
          "xs" : 12
        },
        "propertyValues" : {
          "cssClasses" : {
            "type" : "constant",
            "value" : ""
          },
          "hidden" : {
            "type" : "constant",
            "value" : false
          },
          "disabled" : {
            "type" : "constant",
            "value" : false
          },
          "inline" : {
            "type" : "constant",
            "value" : false
          },
          "labelHidden" : {
            "type" : "constant",
            "value" : false
          },
          "label" : {
            "type" : "interpolation",
            "value" : "Which setting(s) did you observe the applicant?"
          },
          "labelPosition" : {
            "type" : "constant",
            "value" : "top"
          },
          "labelWidth" : {
            "type" : "constant",
            "value" : 4
          },
          "availableValues" : {
            "type" : "constant",
            "value" : [ "Hospital", "Surgery Center", "Clinic", "Private" ]
          },
          "displayedKey" : {
            "type" : "constant"
          },
          "returnedKey" : {
            "type" : "constant"
          },
          "selectedValues" : {
            "type" : "variable",
            "value" : "formInput.setting"
          }
        },
        "reference" : "2ba05158-7d7c-4db6-afb5-81b4829610a3",
        "id" : "pbChecklist"
      } ], [ {
        "type" : "component",
        "dimension" : {
          "xs" : 12
        },
        "propertyValues" : {
          "cssClasses" : {
            "type" : "constant",
            "value" : ""
          },
          "hidden" : {
            "type" : "constant",
            "value" : false
          },
          "disabled" : {
            "type" : "constant",
            "value" : false
          },
          "inline" : {
            "type" : "constant",
            "value" : false
          },
          "labelHidden" : {
            "type" : "constant",
            "value" : false
          },
          "label" : {
            "type" : "interpolation",
            "value" : "What are your response based On?"
          },
          "labelPosition" : {
            "type" : "constant",
            "value" : "top"
          },
          "labelWidth" : {
            "type" : "constant",
            "value" : 4
          },
          "availableValues" : {
            "type" : "constant",
            "value" : [ "Review of accumulated information and reports about the practitioner's performance", "Direct Observation" ]
          },
          "displayedKey" : {
            "type" : "constant"
          },
          "returnedKey" : {
            "type" : "constant"
          },
          "selectedValues" : {
            "type" : "variable",
            "value" : "formInput.responseBasedOn"
          }
        },
        "reference" : "b6d4d242-797d-4ac5-85c3-e36771c0e24f",
        "id" : "pbChecklist"
      } ], [ {
        "type" : "component",
        "dimension" : {
          "xs" : 12,
          "sm" : 12,
          "md" : 6,
          "lg" : 6
        },
        "propertyValues" : {
          "cssClasses" : {
            "type" : "constant",
            "value" : ""
          },
          "hidden" : {
            "type" : "constant",
            "value" : false
          },
          "allowHTML" : {
            "type" : "constant",
            "value" : true
          },
          "text" : {
            "type" : "interpolation",
            "value" : "{{successResponse}}"
          },
          "alignment" : {
            "type" : "constant",
            "value" : "left"
          }
        },
        "reference" : "68e0f21d-c9c9-4811-9356-2b28291b5210",
        "id" : "pbText"
      }, {
        "type" : "component",
        "dimension" : {
          "xs" : 12,
          "sm" : 12,
          "md" : 6,
          "lg" : 6
        },
        "propertyValues" : {
          "cssClasses" : {
            "type" : "constant",
            "value" : ""
          },
          "hidden" : {
            "type" : "constant",
            "value" : false
          },
          "allowHTML" : {
            "type" : "constant",
            "value" : true
          },
          "text" : {
            "type" : "interpolation",
            "value" : "{{failureResponse}}"
          },
          "alignment" : {
            "type" : "constant",
            "value" : "left"
          }
        },
        "reference" : "891c6bcb-9140-4fbb-a7c3-64ad0a0a6062",
        "id" : "pbText"
      } ], [ {
        "type" : "component",
        "dimension" : {
          "xs" : 12,
          "sm" : 12,
          "md" : 6,
          "lg" : 6
        },
        "propertyValues" : {
          "cssClasses" : {
            "type" : "constant",
            "value" : ""
          },
          "hidden" : {
            "type" : "constant",
            "value" : false
          },
          "disabled" : {
            "type" : "constant",
            "value" : false
          },
          "label" : {
            "type" : "interpolation",
            "value" : "Back"
          },
          "alignment" : {
            "type" : "constant",
            "value" : "right"
          },
          "buttonStyle" : {
            "type" : "constant",
            "value" : "warning"
          },
          "action" : {
            "type" : "constant",
            "value" : "Submit task"
          },
          "url" : {
            "type" : "interpolation"
          },
          "dataToSend" : {
            "type" : "expression",
            "value" : "formBackOutput"
          },
          "dataFromSuccess" : {
            "type" : "variable",
            "value" : "successResponse"
          },
          "dataFromError" : {
            "type" : "variable",
            "value" : "failureResponse"
          },
          "targetUrlOnSuccess" : {
            "type" : "interpolation"
          },
          "collectionToModify" : {
            "type" : "variable"
          },
          "collectionPosition" : {
            "type" : "constant",
            "value" : "Last"
          },
          "valueToAdd" : {
            "type" : "constant"
          },
          "removeItem" : {
            "type" : "variable"
          }
        },
        "reference" : "71b7c14a-d665-4362-8efd-d6e5b37da220",
        "id" : "pbButton"
      }, {
        "type" : "component",
        "dimension" : {
          "xs" : 12,
          "md" : 6,
          "lg" : 6
        },
        "propertyValues" : {
          "removeItem" : {
            "type" : "variable"
          },
          "cssClasses" : {
            "type" : "constant",
            "value" : ""
          },
          "widgetId" : {
            "type" : "constant",
            "value" : "pbButton"
          },
          "buttonStyle" : {
            "type" : "constant",
            "value" : "primary"
          },
          "isDisplayed" : {
            "type" : "constant",
            "value" : true
          },
          "label" : {
            "type" : "interpolation",
            "value" : "Submit"
          },
          "dataToSend" : {
            "type" : "expression",
            "value" : "formOutput"
          },
          "labelHidden" : {
            "type" : "constant",
            "value" : false
          },
          "readonly" : {
            "type" : "constant",
            "value" : false
          },
          "collectionPosition" : {
            "type" : "constant"
          },
          "targetUrlOnSuccess" : {
            "type" : "interpolation",
            "value" : ""
          },
          "action" : {
            "type" : "constant",
            "value" : "Submit task"
          },
          "collectionToModify" : {
            "type" : "variable"
          },
          "valueToAdd" : {
            "type" : "expression"
          },
          "disabled" : {
            "type" : "constant",
            "value" : false
          },
          "alignment" : {
            "type" : "constant",
            "value" : "left"
          },
          "class" : {
            "type" : "constant",
            "value" : "org.bonitasoft.web.designer.experimental.parametrizedWidget.ButtonWidget"
          },
          "dimension" : {
            "type" : "constant",
            "value" : 12
          },
          "hidden" : {
            "type" : "constant",
            "value" : false
          },
          "url" : {
            "type" : "interpolation"
          },
          "dataFromSuccess" : {
            "type" : "variable",
            "value" : "successResponse"
          },
          "dataFromError" : {
            "type" : "variable",
            "value" : "failureResponse"
          }
        },
        "reference" : "a50bad78-93e4-4043-80e6-f9036d6ad729",
        "id" : "pbButton"
      } ] ]
    }
  } ], [ {
    "type" : "component",
    "dimension" : {
      "xs" : 12,
      "sm" : 12,
      "md" : 12,
      "lg" : 12
    },
    "propertyValues" : {
      "cssClasses" : {
        "type" : "constant",
        "value" : ""
      },
      "hidden" : {
        "type" : "constant",
        "value" : false
      },
      "timeToWait" : {
        "type" : "constant",
        "value" : 1000
      },
      "submitButtonSuccessfulResponseValue" : {
        "type" : "expression",
        "value" : "successResponse"
      },
      "numberOfRetries" : {
        "type" : "constant",
        "value" : 8
      },
      "bonitaWebAppName" : {
        "type" : "constant",
        "value" : "bonita"
      },
      "taskId" : {
        "type" : "expression",
        "value" : "taskId"
      },
      "messageDisplayed" : {
        "type" : "constant",
        "value" : "Searching for current user next task in current case"
      }
    },
    "reference" : "133fb5db-a8f0-422e-b9a7-1424911827fe",
    "id" : "customRedirectNextTask"
  } ] ],
  "assets" : [ {
    "id" : "f906a641-9e02-4ada-9d51-eeaf39200d93",
    "name" : "style.css",
    "type" : "css",
    "order" : 0,
    "external" : false
  }, {
    "id" : "e614f188-bf05-448f-b7fc-d843648c1356",
    "name" : "IC-logo.svg",
    "type" : "img",
    "order" : 2,
    "external" : false
  }, {
    "id" : "3189c92c-0c20-462c-8e3c-2b33c7cf15d9",
    "name" : "doctor.jpg",
    "type" : "img",
    "order" : 1,
    "external" : false
  }, {
    "id" : "dc5dd663-85cc-413b-9cbc-d0f4460d3321",
    "name" : "Logo.png",
    "type" : "img",
    "order" : 4,
    "external" : false
  }, {
    "id" : "304e1d78-17c4-482b-8583-a5d7893e225f",
    "name" : "doctor.png",
    "type" : "img",
    "order" : 5,
    "external" : false
  } ],
  "inactiveAssets" : [ ],
  "data" : {
    "task" : {
      "type" : "url",
      "value" : "../API/bpm/userTask/{{taskId}}",
      "exposed" : false
    },
    "formInput" : {
      "type" : "expression",
      "value" : "return {\n  \"referenceType\" : $data.bdmData[0].referenceType,\n  \"alliedReferenceType\" : $data.bdmData[0].alliedReferenceType,\n  \"setting\" : $data.bdmData[0].setting,\n  \"responseBasedOn\" : $data.bdmData[0].responseBasedOn,\n  \"nextStep\" :\"\"\n}",
      "exposed" : false
    },
    "formOutput" : {
      "type" : "expression",
      "value" : "return {\n\t'referenceType': $data.formInput.referenceType,\n\t'alliedReferenceType': $data.formInput.alliedReferenceType,\n\t'setting': $data.formInput.setting,\n\t'responseBasedOn': $data.formInput.responseBasedOn,\n\t'nextStep': 'Step2'\n};",
      "exposed" : false
    },
    "context" : {
      "type" : "url",
      "value" : "../API/bpm/userTask/{{taskId}}/context",
      "exposed" : false
    },
    "taskId" : {
      "type" : "urlparameter",
      "value" : "id",
      "exposed" : false
    },
    "successResponse" : {
      "type" : "constant",
      "value" : "",
      "exposed" : false
    },
    "failureResponse" : {
      "type" : "constant",
      "exposed" : false
    },
    "flowNode" : {
      "type" : "url",
      "value" : "../API/bpm/flowNode/{{taskId}}",
      "exposed" : false
    },
    "formBackOutput" : {
      "type" : "expression",
      "value" : "return {\n\t'referenceType': $data.formInput.referenceType,\n\t'alliedReferenceType': $data.formInput.alliedReferenceType,\n\t'setting': $data.formInput.setting,\n\t'responseBasedOn': $data.formInput.responseBasedOn,\n\t'nextStep': 'RequestStep'\n};",
      "exposed" : false
    },
    "bdmData" : {
      "type" : "url",
      "value" : "../API/bdm/businessData/com.company.model.PeerRecommendation?q=findByProcessInst&p=0&c=10&f=processInst={{task.caseId}}",
      "exposed" : false
    }
  },
  "uuid" : "02d8875d-7a10-4615-bceb-b89c3bf47978",
  "type" : "form"
}