<?xml version="1.0" encoding="UTF-8" standalone="yes"?>
<profiles:profiles xmlns:profiles="http://www.bonitasoft.org/ns/profile/6.1">
    <profile name="User" isDefault="true">
        <description>This is a default profile. Name and description will be translated in Bonita Portal. Do not edit the name or the description.</description>
        <profileMapping>
            <users/>
            <groups/>
            <memberships/>
            <roles>
                <role>member</role>
            </roles>
        </profileMapping>
    </profile>
    <profile name="Administrator" isDefault="true">
        <description>This is a default profile. Name and description will be translated in Bonita Portal. Do not edit the name or the description.</description>
        <profileMapping>
            <users/>
            <groups/>
            <memberships/>
            <roles>
                <role>member</role>
            </roles>
        </profileMapping>
    </profile>
    <profile name="Process manager" isDefault="true">
        <description>This is a default profile. Name and description will be translated in Bonita Portal. Do not edit the name or the description.</description>
        <profileMapping>
            <users/>
            <groups/>
            <memberships/>
            <roles>
                <role>member</role>
            </roles>
        </profileMapping>
    </profile>
</profiles:profiles>
