{
  "designerVersion" : "1.5.51",
  "id" : "customTableWidgit2",
  "name" : "TableWidgit2",
  "lastUpdate" : 1528712872208,
  "template" : "<!-- The custom widget template is defined here\n   - You can use standard HTML tags and AngularJS built-in directives, scope and interpolation system\n   - Custom widget properties defined on the right can be used as variables in a templates with properties.newProperty\n   - Functions exposed in the controller can be used with ctrl.newFunction()\n   - You can use the 'environment' property injected in the scope when inside the Editor whiteboard. It allows to define a mockup\n     of the Custom Widget to be displayed in the whiteboard only. By default the widget is represented by an auto-generated icon\n     and its name (See the <span> below).\n-->\n \n\n<!--<div style=\"color: {{ properties.color }}; background-color: {{ backgroudColor }}\" ng-click=\"ctrl.toggleBackgroundColor()\">\n    Value is:  <i>{{ properties.value }}</i>. Click me to toggle background color\n</div>-->\n\n<div class=\"my_table\">\n  <table class=\"table\">\n    <thead>\n      <tr class=\"active\">\n        <th ng-click='sortColumn(\"requestType\")' ng-class='sortClass(\"requestType\")'>Request Type</th>\n        <!--<th>Requestor ID</th>-->\n        <th ng-click='sortColumn(\"requestorName\")' ng-class='sortClass(\"requestorName\")'>Requestor Name</th>\n        <th ng-click='sortColumn(\"startTime\")' ng-class='sortClass(\"startTime\")'>Start Time</th>\n        <th ng-click='sortColumn(\"emailId\")' ng-class='sortClass(\"emailId\")'>Email Id</th>\n        <th ng-click='sortColumn(\"requestStatus\")' ng-class='sortClass(\"requestStatus\")'>Request Status</th> \n        <th>Request Enrollment</th>\n        <th>Supervisor Approval</th>\n        <th>Manager Approval</th>\n        <th>Outlook Setup</th>\n        <th>Payroll Setup</th>\n        <th>Enrollment Complete</th>\n        <th>Requested Stipend</th>\n      </tr>\n    </thead>\n    \n     \n    \n    <tbody>\n      <tr ng-repeat=\"record in records|orderBy:column:reverse | filter : paginate\">\n        <td>{{record.requestType}}</td>\n        <!--<td>{{record.requestorID}}</td>-->\n        <td>{{record.requestorName}}</td>\n        <td>{{record.startTime | date : \"MMM d, y h:mm:ss a\"}}</td> \n        <td>{{record.emailId}}</td>\n        <td>{{record.requestStatus}}</td>\n        <td>\n            <span ng-if=\"record.requestEnrollment == true\">\n                <img src=\"widgets/customTableWidgit2/assets/img/Green Checkmark.gif\"/>\n            </span>\n            <span ng-if=\"record.requestEnrollment == false\">\n                <img ng-src=\"widgets/customTableWidgit2/assets/img/Red Line.gif\"/>\n            </span>\n        </td>\n        <td>\n            <span>\n                <img ng-src=\"{{record.status > 1 ? 'widgets/customTableWidgit2/assets/img/Green Checkmark.gif' : 'widgets/customTableWidgit2/assets/img/Red Line.gif'}}\" />\n            </span>\n        </td>\n        <td>\n            <span>\n              <img ng-src=\"{{record.reimbursement === 'false'  ? 'widgets/customTableWidgit2/assets/img/Red Line.gif' : record.status > 2 ? 'widgets/customTableWidgit2/assets/img/Green Checkmark.gif' : 'widgets/customTableWidgit2/assets/img/Red Line.gif' }}\" />\n            </span>\n           \n        </td>\n        <td>\n             <span>\n               <img ng-src=\"{{record.status > 3 ? 'widgets/customTableWidgit2/assets/img/Green Checkmark.gif' : 'widgets/customTableWidgit2/assets/img/Red Line.gif'}}\" />\n            </span>\n        </td>\n        <td>\n            <span>\n                <img ng-src=\"{{record.reimbursement === 'false'  ? 'widgets/customTableWidgit2/assets/img/Red Line.gif' : record.status > 4 ? 'widgets/customTableWidgit2/assets/img/Green Checkmark.gif' : 'widgets/customTableWidgit2/assets/img/Red Line.gif' }}\" />\n            </span>\n        </td>\n        <td> \n           <span>\n                <img ng-src=\"{{record.status > 5 ? 'widgets/customTableWidgit2/assets/img/Green Checkmark.gif' : 'widgets/customTableWidgit2/assets/img/Red Line.gif'}}\" />\n            </span>\n        </td>\n        <td>\n             <span ng-if=\"record.requestedStipend == true\">\n                True\n            </span>\n            <span ng-if=\"record.requestedStipend == false\">\n                False\n            </span>\n        \n        </td>\n      </tr>\n    </tbody>\n    \n  <tfoot>\n       <tr>\n           <td colspan=\"12\">\n               <div class=\"mypagination\"> \n                <pagination total-items=\"totalItems\" ng-model=\"currentPage\"\n                    max-size=\"50\" boundary-links=\"true\"\n                     items-per-page=\"numPerPage\" class=\"pagination-sm\">\n                 </pagination>\n             </div>\n            </td>\n      </tr>\n  </tfoot>\n                \n    \n  </table>\n \n</div>",
  "controller" : "/**\n * The controller is a JavaScript function that augments the AngularJS scope and exposes functions that can be used in the custom widget template\n * \n * Custom widget properties defined on the right can be used as variables in a controller with $scope.properties\n * To use AngularJS standard services, you must declare them in the main function arguments.\n * \n * You can leave the controller empty if you do not need it.\n */\nfunction ($scope,$http,$location) {\n    var white = 'white';\n    \n     $scope.redMarkURL = \"https://github.com/Evoke-Technologies-Pvt-Ltd/AmerenBPM/blob/master/Red%20Line.gif\";\n     $scope.greenMarkURL = \"https://github.com/Evoke-Technologies-Pvt-Ltd/AmerenBPM/blob/master/Green Checkmark.gif\";\n    \n    // add a new variable in AngularJS scope. It'll be usable in the template directly with {{ backgroudColor }} \n    $scope.backgroudColor = white;\n    \n    var protocol = $location.protocol();\n    var host =  $location.host();\n    var port =  $location.port();\n    console.log('host '+host);\n    console.log('port '+port);\n    console.log('protocol'+protocol);\n    \n   // $scope.tableData = $scope.properties.tableData;\n    \n    //console.log(url);  \n    \n   /*$http.get($scope.properties.userInfoUrl)\n    .then(function(res) {\n              var url = $scope.properties.ajaxUrl+\"&f=requestorID=\"+res.data.user_id;\n              console.log(url);\n              $http.get(url)\n                .then(function(response) {\n                 $scope.records = response.data;\n              });\n    });*/\n    console.log('$scope.properties.values'+$scope.properties.values);\n     $scope.records = $scope.properties.values;\n    \n    \n    $scope.aproveImg=\"./assets/img/Green Checkmark.gif\";\n    $scope.penddingImg=\"./assets/img/Red Line.gif\";\n    \n    // define a function to be used in template with ctrl.toggleBackgroundColor()\n    this.toggleBackgroundColor = function() {\n        if ($scope.backgroudColor === white) {\n           // use the custom widget property backgroudColor with $scope.properties.backgroudColor\n            $scope.backgroudColor = $scope.properties.background;\n        } else {\n            $scope.backgroudColor = white;\n        }\n    };\n    $scope.column = 'requestType';\n    // sort ordering (Ascending or Descending). Set true for desending\n $scope.reverse = false; \n \n // called on header click\n $scope.sortColumn = function(col){\n  $scope.column = col;\n  if($scope.reverse){\n   $scope.reverse = false;\n   $scope.reverseclass = 'arrow-up';\n  }else{\n   $scope.reverse = true;\n   $scope.reverseclass = 'arrow-down';\n  }\n };\n \n // remove and change class\n $scope.sortClass = function(col){\n  if($scope.column == col ){\n   if($scope.reverse){\n    return 'arrow-down'; \n   }else{\n    return 'arrow-up';\n   }\n  }else{\n   return '';\n  }\n } \n \n $scope.totalItems = $scope.records.length;\n  $scope.currentPage = 1;\n  $scope.numPerPage = 5;\n  \n  $scope.paginate = function(value) {\n    var begin, end, index;\n    begin = ($scope.currentPage - 1) * $scope.numPerPage;\n    end = begin + $scope.numPerPage;\n    index = $scope.records.indexOf(value);\n    return (begin <= index && index < end);\n  };\n    \n    \n    $scope.setPage = function () {\n        $scope.currentPage = this.n;\n    };\n    \n   \n}",
  "custom" : true,
  "properties" : [ {
    "label" : "Value",
    "name" : "value",
    "type" : "text",
    "defaultValue" : "This is the initial value",
    "bond" : "expression"
  }, {
    "label" : "Color",
    "name" : "color",
    "type" : "choice",
    "defaultValue" : "RebeccaPurple",
    "choiceValues" : [ "RebeccaPurple", "Chartreuse", "Tomato", "DeepSkyBlue" ],
    "bond" : "expression"
  }, {
    "label" : "Background color on click",
    "name" : "background",
    "type" : "choice",
    "defaultValue" : "Yellow",
    "choiceValues" : [ "Yellow", "LightGray" ],
    "bond" : "expression"
  }, {
    "label" : "columns",
    "name" : "columns",
    "type" : "collection",
    "bond" : "expression"
  }, {
    "label" : "values",
    "name" : "values",
    "type" : "collection",
    "bond" : "expression"
  }, {
    "label" : "ajaxUrl",
    "name" : "ajaxUrl",
    "type" : "text",
    "bond" : "expression"
  }, {
    "label" : "userInfoUrl",
    "name" : "userInfoUrl",
    "type" : "text",
    "bond" : "expression"
  } ],
  "assets" : [ {
    "id" : "4e2f7cad-071e-4eec-acf2-4c7b0f9164aa",
    "name" : "gridCss.css",
    "type" : "css",
    "order" : 7,
    "external" : false
  }, {
    "id" : "05871759-e59f-4627-96b4-f8d8924db842",
    "name" : "myTable.css",
    "type" : "css",
    "order" : 3,
    "external" : false
  }, {
    "id" : "33c25763-9d62-4265-94d9-8a8b2ce85a23",
    "name" : "Green Checkmark.gif",
    "type" : "img",
    "order" : 5,
    "external" : false
  }, {
    "id" : "ca1414b1-e227-42cc-9651-e8290395f0e9",
    "name" : "https://cdnjs.cloudflare.com/ajax/libs/angular-ui-bootstrap/0.11.0/ui-bootstrap-tpls.js",
    "type" : "js",
    "order" : 4,
    "external" : true
  }, {
    "id" : "8a5c1b3c-5426-438e-8aca-99e521f2a68b",
    "name" : "Red Line.gif",
    "type" : "img",
    "order" : 6,
    "external" : false
  } ],
  "requiredModules" : [ "ui.bootstrap" ],
  "type" : "widget",
  "hasHelp" : false
}